species,landmarks,,,,,,,,,,,,,,,,,,,,,,,,,,,,,,,,,,,,,,,,,,,,,,,,,,,,,,,,,,,,,,,,,,,,,,,,,,,,,,,,,,,,,,,,,,,,,,,,,,,
Agelenidae_Tegenaria_domestica,0.854143893,-0.30947858,0.795777965,-0.30767553,0.705616636,-0.306364016,0.600864997,-0.285536854,0.445601258,-0.244247906,0.28944541,-0.193531738,0.173004379,-0.133983864,0.102460641,-0.076586773,0.084374835,-0.032088311,0.083770519,-0.001854682,0.105605572,0.03059669,0.13633511,0.05681123,0.171424567,0.075598228,0.200053194,0.092493407,0.236662105,0.106437659,0.272054296,0.118178207,0.324236262,0.136513181,0.406809394,0.167201164,0.48944827,0.205761901,0.586866907,0.243417115,0.694448735,0.280268254,0.807069414,0.304838168,0.914121603,0.327276676,1.012347144,0.353744025,1.089089208,0.374401468,1.123720112,0.382189331,1.127485389,0.382239231,1.083144547,0.363790811,1.027171015,0.358350133,0.97239234,0.34802602,0.898424117,0.336946579,0.81452698,0.323617723,0.713158795,0.307671084,0.642158492,0.290033913,0.585490468,0.271414098,0.538109518,0.240816595,0.491788036,0.21438318,0.448283813,0.180649359,0.401891896,0.127980333,0.381994541,0.080896198,0.380203428,0.035538764,0.383489063,-0.001774209,0.42253053,-0.044752124,0.467620709,-0.088613001,0.5352682,-0.124971641,0.602597913,-0.150808157,0.679966965,-0.177811995,0.786144492,-0.205849579,0.905502056,-0.24172888,0.988934491,-0.273099033
Amaurobiidae_Amaurobius_fenestralis,0.538728023,-0.670599255,0.443862861,-0.640734709,0.357077613,-0.57177844,0.2630088,-0.481447561,0.146936707,-0.372822958,0.003772742,-0.246559807,-0.092539161,-0.133210424,-0.169586362,-0.050886715,-0.205875732,0.005370884,-0.204635508,0.059164982,-0.184404222,0.107475533,-0.131269784,0.15444004,-0.066194798,0.184802667,0.04507659,0.222219854,0.158181789,0.248459874,0.276016116,0.271770104,0.435908971,0.307183476,0.643522327,0.350824442,0.894417084,0.399836773,1.163297131,0.445839399,1.484781052,0.507037143,1.791775447,0.559457331,2.105063891,0.613063976,2.429979281,0.660471513,2.71018499,0.710770302,2.90917652,0.729474704,2.975596738,0.708611407,2.94233503,0.662466482,2.825364801,0.601932473,2.676950398,0.514628995,2.497000323,0.426518318,2.306577418,0.356915498,2.114695143,0.307860709,1.844760626,0.264589864,1.608369644,0.234136474,1.366454463,0.206796157,1.142851361,0.185247661,0.945718884,0.169402004,0.773647467,0.139286385,0.616419836,0.09550814,0.491446724,0.033950767,0.407935982,-0.027306129,0.34437808,-0.0723377,0.323435963,-0.116834498,0.350214,-0.191280748,0.427347061,-0.292430828,0.544017153,-0.390404065,0.663822967,-0.481176451,0.786274017,-0.577671468,0.871707383,-0.625872295
Cycloctenidae_Pakeha_sp_CG169,1.786096214,-0.663212846,1.57362855,-0.656280979,1.38370018,-0.691603133,1.157677536,-0.679125749,0.941883436,-0.606222807,0.715518945,-0.475923799,0.506338561,-0.361854428,0.365437182,-0.244076349,0.247234728,-0.122722004,0.225915363,-0.02496659,0.209833863,0.047574615,0.19576257,0.081447872,0.226787347,0.094805933,0.30596637,0.118727484,0.454554776,0.129406649,0.665671776,0.14013813,0.909583216,0.173635749,1.256840718,0.216793711,1.588517575,0.265525697,1.918614295,0.306338216,2.408551928,0.374891733,2.732158859,0.440746021,3.062464662,0.504439105,3.339158377,0.539855481,3.604491789,0.581825741,3.899409343,0.637165458,4.029327588,0.655966615,4.088014339,0.649997106,4.108343453,0.632999595,4.109721915,0.599068831,4.042159738,0.560344073,3.860802708,0.524360385,3.626441375,0.500539233,3.453973626,0.48319871,3.295008531,0.456125888,3.041699934,0.437706141,2.740981412,0.420014305,2.513539494,0.40495183,2.153276678,0.394786339,1.860226744,0.376026379,1.546432127,0.347504733,1.379268221,0.316935388,1.255658204,0.262886543,1.218740952,0.121727846,1.233867693,-0.028648864,1.261789634,-0.137872554,1.371057919,-0.288161757,1.566229645,-0.465534457,1.870904726,-0.584813572,2.012569251,-0.586749727
Anyphaenidae_Amaurobioides_maritima,1.333978061,-0.299109319,1.280114186,-0.277876131,1.188696737,-0.243876231,1.063119113,-0.184159685,0.922593686,-0.107802074,0.803850142,-0.016785377,0.688432027,0.07049926,0.571984588,0.167803185,0.475272777,0.26508408,0.415166329,0.353505598,0.377702439,0.424193731,0.359966743,0.45915833,0.343106286,0.454646845,0.366396224,0.417883018,0.420025588,0.358498541,0.556265288,0.258836647,0.714495358,0.142512459,0.893504518,0.031231563,1.116516865,-0.092189052,1.350995095,-0.205511485,1.578054354,-0.323707812,1.71705857,-0.399505643,1.822965954,-0.468234797,1.871183558,-0.506152885,1.861129846,-0.506673703,1.78930696,-0.4785056,1.593444601,-0.417726818,1.340070466,-0.325322899,1.074660908,-0.233272704,0.797067974,-0.120127834,0.531734796,0.004977779,0.335014715,0.102910937,0.166420775,0.189631949,0.027407232,0.25924153,-0.018871052,0.295618819,0.003736605,0.312774241,0.071775065,0.311866691,0.144204453,0.305483498,0.196553574,0.291194265,0.237002495,0.268292666,0.293752677,0.229944777,0.376054501,0.173479148,0.461025166,0.116472613,0.581059757,0.049704803,0.72270063,-0.014045463,0.845117924,-0.058056309,0.983616483,-0.102465862,1.116942033,-0.131473112,1.2407045,-0.157049833,1.32531088,-0.168148699
Anyphaenidae_Anyphaena_accentuata,1.46043771,-0.597727273,1.395559764,-0.594949495,1.252537879,-0.577853535,1.053670034,-0.523686869,0.915799663,-0.476801347,0.704393939,-0.412828283,0.546982323,-0.363139731,0.334200337,-0.299537037,0.181914983,-0.211675084,0.093253367,-0.126599327,0.030260943,-0.035925926,0.016742424,0.032659933,0.008375421,0.101565657,0.020096801,0.169229798,0.085829125,0.234734848,0.138867845,0.281342593,0.213131313,0.334368687,0.338055556,0.391666667,0.490441919,0.458181818,0.68354798,0.513834175,0.934204545,0.561140572,1.14145202,0.579722222,1.359318182,0.598926768,1.526649832,0.609537037,1.63973064,0.604978956,1.697361111,0.601498316,1.68358165,0.611304714,1.650340909,0.617159091,1.573392256,0.609978956,1.419549663,0.61598064,1.290294613,0.616035354,1.165610269,0.607571549,1.02503367,0.588489057,0.871801347,0.553653199,0.753333333,0.533030303,0.628055556,0.481531987,0.552474747,0.421750842,0.533661616,0.353097643,0.512655724,0.252811448,0.502689394,0.127563131,0.552542088,-0.017760943,0.630765993,-0.149099327,0.741734007,-0.23993266,0.895824916,-0.337495791,1.08895202,-0.414558081,1.202710438,-0.464671717,1.307213805,-0.493829966,1.386624579,-0.519654882,1.43969697,-0.530454545,1.476548822,-0.53739899
Araneidae_Eriophora_sp_GH7_GH21,0.630507117,-0.296931254,0.609073318,-0.280142751,0.56205666,-0.253521945,0.514507537,-0.239488141,0.445451364,-0.221730805,0.389215262,-0.208912857,0.338315615,-0.193295592,0.286039827,-0.175087676,0.250209036,-0.160826037,0.224526258,-0.144187759,0.206321622,-0.125291147,0.203180044,-0.106526425,0.205182057,-0.083239065,0.221949456,-0.038382601,0.25062245,-0.000492504,0.299444333,0.041940069,0.356756128,0.088188205,0.413111321,0.129576924,0.478026798,0.16844573,0.546798884,0.203237597,0.629428559,0.236408388,0.711648694,0.264544302,0.798809287,0.296358929,0.86234427,0.314488451,0.931249976,0.330921712,0.989856969,0.3448356,1.036577945,0.360873647,1.070131329,0.371750813,1.09264392,0.382026942,1.101979965,0.379017323,1.090068441,0.368701329,1.063018003,0.349331841,1.025339484,0.323380557,0.975366523,0.277724721,0.912523612,0.218440144,0.852426624,0.154924173,0.812533995,0.104228197,0.771535894,0.041810735,0.729920504,-0.019570947,0.686269264,-0.075700221,0.643912158,-0.136845892,0.611723875,-0.181675826,0.590065,-0.221887955,0.572179271,-0.250693895,0.562735512,-0.270757052,0.571887491,-0.292143204,0.600720604,-0.292747547,0.630285196,-0.288889577,0.658155156,-0.287751849,0.671917727,-0.283642967
Araneidae_Argiope_bruenicchi,0.608516727,-0.518213285,0.569936389,-0.507840719,0.498298322,-0.485658056,0.399643232,-0.45819855,0.322109249,-0.422850016,0.246060471,-0.3705582,0.19209873,-0.326791427,0.166766105,-0.281142027,0.147650389,-0.242407871,0.147145794,-0.20455547,0.157081089,-0.170608705,0.167381683,-0.141515507,0.190190801,-0.107291715,0.241474128,-0.066945033,0.282511153,-0.038344531,0.330447416,-0.002352465,0.396053859,0.042040052,0.466339359,0.089632631,0.544919075,0.136094224,0.618363851,0.171804122,0.729930586,0.233932092,0.83482101,0.300556039,0.922952197,0.33484417,1.013605037,0.383643451,1.098741562,0.429826056,1.187185203,0.47707199,1.25130824,0.516073579,1.284836626,0.53705676,1.285537159,0.535272434,1.254436306,0.537163518,1.210560711,0.515869479,1.164182749,0.492196575,1.09823333,0.447118948,1.032019009,0.399699428,0.960960281,0.344382401,0.889027357,0.278807107,0.834257618,0.218039078,0.784029121,0.141858253,0.733413849,0.06120704,0.694155996,-0.014181789,0.657501523,-0.085535661,0.62645686,-0.149814469,0.603578289,-0.212224775,0.598042751,-0.275647255,0.591483738,-0.334769373,0.58416873,-0.375926875,0.590132003,-0.415104563,0.588976144,-0.436168083,0.586748288,-0.451954866,0.58838201,-0.458964446
Araneidae_Nephila_pilipes,0.545294409,-0.464016948,0.478361758,-0.434418523,0.407199818,-0.380445614,0.338758046,-0.31910412,0.296122605,-0.267606271,0.271731362,-0.217544103,0.27510322,-0.150799951,0.289271863,-0.09456829,0.313910127,-0.0321496,0.338558518,0.017510088,0.368125162,0.093677943,0.400936669,0.156917024,0.457365439,0.222189268,0.515456584,0.280391274,0.583644902,0.319023925,0.672270196,0.354594796,0.734582704,0.385556064,0.828736581,0.406622789,0.934390099,0.432061771,1.022519006,0.437326056,1.110300147,0.442260571,1.168283872,0.441882486,1.217188172,0.439411064,1.234573993,0.439354345,1.24375381,0.436226614,1.224583265,0.436548546,1.191488176,0.431464464,1.154278458,0.422346457,1.12189043,0.407920626,1.086584211,0.392564569,1.006573557,0.366145791,0.921972673,0.336902747,0.84544869,0.296350103,0.78244277,0.248854206,0.736274532,0.191622506,0.698959364,0.144370085,0.666425272,0.093474384,0.632396067,0.042800706,0.602512098,-0.002045166,0.58318532,-0.045460533,0.565126498,-0.095537254,0.557663171,-0.145683609,0.554931167,-0.180398444,0.558857673,-0.210932122,0.565127387,-0.238124897,0.579628689,-0.266154369,0.594535679,-0.289059107,0.597279895,-0.30054633,0.595657366,-0.303618689,0.575184463,-0.29698483
Araneidae_Phonognatha_graeffei,0.438245106,-0.534969771,0.429116924,-0.514294958,0.404936405,-0.479923816,0.377147984,-0.436322867,0.332128374,-0.389952304,0.29259026,-0.344457726,0.251723866,-0.301757028,0.214129254,-0.259532869,0.177052833,-0.211739035,0.145843036,-0.171100802,0.127307706,-0.123916908,0.119569347,-0.090924319,0.118856686,-0.061428561,0.129884909,-0.030336315,0.1418358,0.006265681,0.166242943,0.044453051,0.202133663,0.086688714,0.244227486,0.128391487,0.29238795,0.172955038,0.351623004,0.231005599,0.426295456,0.292167194,0.504903103,0.346209968,0.593966572,0.395745446,0.68177671,0.434409961,0.780576238,0.469389786,0.866037633,0.502563627,0.949786061,0.532026149,1.009832675,0.551848322,1.052311749,0.565166666,1.089282173,0.559120385,1.093540126,0.542763329,1.085472198,0.513857959,1.065157824,0.485818288,1.016681453,0.430807963,0.954049429,0.361764151,0.879374498,0.295164161,0.819753283,0.229433087,0.746521781,0.155819399,0.671628354,0.081171425,0.614936054,0.02002565,0.56233287,-0.049143389,0.519796705,-0.110254655,0.488609051,-0.164109258,0.469042583,-0.213584049,0.444510703,-0.261161823,0.425648324,-0.305228483,0.419748967,-0.346979148,0.42116808,-0.372355218,0.425195016,-0.396837487,0.431969381,-0.407133475
Araneidae_Cyrtophora_citricola,0.411512593,-0.314818736,0.39318322,-0.310153292,0.34911055,-0.303826505,0.305080301,-0.293662291,0.253699662,-0.27772963,0.205763106,-0.272034871,0.160701142,-0.25769757,0.126463088,-0.236254104,0.088368065,-0.215096365,0.059976277,-0.189941437,0.041300656,-0.165593517,0.033714123,-0.140816086,0.029638802,-0.115398845,0.034580408,-0.084243216,0.048294701,-0.050513621,0.069673927,-0.014330672,0.105766004,0.023853702,0.158288489,0.068766103,0.223232313,0.123273532,0.296251456,0.170397972,0.384179286,0.216062847,0.464425228,0.256487056,0.548457728,0.292017086,0.644177962,0.322268761,0.742999332,0.345593324,0.8306997,0.364351741,0.915763752,0.38112532,0.97920226,0.39246039,1.016699663,0.397401689,1.015311298,0.394075174,1.000193997,0.384981667,0.977899492,0.374500706,0.93971621,0.360462788,0.886949645,0.33228503,0.823404701,0.297311375,0.731397428,0.237681327,0.657335139,0.169577066,0.599197601,0.103610685,0.555213182,0.035861466,0.524043217,-0.025661177,0.49929069,-0.087335603,0.484007639,-0.128764248,0.480756036,-0.160701666,0.489312977,-0.190437342,0.502590477,-0.214760656,0.524779993,-0.240200368,0.55758729,-0.262778879,0.580159189,-0.275533002,0.610243687,-0.289575419,0.62878792,-0.304965084
Arkyidae_Arkys_furcatus,0.870212766,-0.480851064,0.80526849,-0.463424519,0.708530902,-0.42881459,0.600202634,-0.387416413,0.482087133,-0.361134752,0.345227964,-0.333819656,0.216291793,-0.310618034,0.02378926,-0.24154002,-0.161600811,-0.193495441,-0.24822695,-0.145694022,-0.344154002,-0.089159068,-0.463748734,-0.031043566,-0.481094225,0.002877406,-0.460182371,0.029868288,-0.440222898,0.053333333,-0.406767984,0.100871327,-0.349381966,0.141742655,-0.29189463,0.195643364,-0.232826748,0.265653495,-0.178703141,0.32662614,-0.112299899,0.396109422,-0.049604863,0.444559271,0.00816616,0.489827761,0.097933131,0.516291793,0.163080041,0.54301925,0.22674772,0.582370821,0.242755826,0.611144883,0.277021277,0.652117528,0.316818642,0.691732523,0.332765957,0.732887538,0.309422492,0.762006079,0.276352584,0.763485309,0.263505572,0.733738602,0.226767984,0.673414387,0.1852077,0.598176292,0.17189463,0.489402229,0.143221884,0.420263425,0.111529889,0.291388045,0.096636272,0.188287741,0.115967579,-0.012137791,0.168510638,-0.214528875,0.250780142,-0.353839919,0.382269504,-0.508409321,0.544072948,-0.622391084,0.720972644,-0.668774063,0.845876393,-0.712462006,0.940749747,-0.712705167,1.016129686,-0.694387031,1.05035461,-0.681702128,1.086524823,-0.659209726
Arkyidae_Arkys_cornutus,1.264230769,-0.169230769,1.241923077,-0.185769231,1.160384615,-0.218461538,1.041153846,-0.283076923,0.897307692,-0.34,0.708846154,-0.38,0.518846154,-0.393076923,0.348076923,-0.399615385,0.238846154,-0.365769231,0.185,-0.317307692,0.134230769,-0.265384615,0.100769231,-0.198076923,0.076538462,-0.124230769,0.069615385,-0.048846154,0.080769231,0.005,0.109615385,0.070769231,0.175769231,0.114615385,0.276923077,0.178846154,0.349230769,0.247307692,0.438076923,0.295384615,0.553076923,0.319230769,0.647692308,0.339615385,0.758461538,0.349230769,0.876153846,0.351538462,0.955769231,0.367307692,0.996153846,0.386538462,1.005384615,0.403846154,1.014615385,0.434230769,1.007307692,0.458076923,0.952692308,0.49,0.819230769,0.516153846,0.708076923,0.526153846,0.543076923,0.481153846,0.415769231,0.405384615,0.331153846,0.260384615,0.294615385,0.136538462,0.265769231,0.029615385,0.262692308,-0.077307692,0.308076923,-0.18,0.368076923,-0.268076923,0.459615385,-0.337692308,0.627307692,-0.349615385,0.793461538,-0.340384615,0.956153846,-0.312307692,1.105,-0.245769231,1.205384615,-0.21,1.311153846,-0.153846154,1.373461538,-0.118461538,1.440384615,-0.057692308,1.483076923,-0.019615385
Austrochilidae_Hickmania_troglodytes,0.507137093,-0.235062576,0.473939269,-0.200575431,0.416632894,-0.169196259,0.348362304,-0.134043338,0.292737089,-0.091877388,0.265944883,-0.039779363,0.255816152,0.010185224,0.255575163,0.047508879,0.253875129,0.080044938,0.254476015,0.111955129,0.267498257,0.140589478,0.29787226,0.163955989,0.340036474,0.181823215,0.379401987,0.199942571,0.429271063,0.211687358,0.489644016,0.219220603,0.558321493,0.225446436,0.629887438,0.228873755,0.704573073,0.235223612,0.795126954,0.234995678,0.88030627,0.233071904,0.952744137,0.22913264,1.028906411,0.22524357,1.091646122,0.230140862,1.150815839,0.228705471,1.172356178,0.224042299,1.176388656,0.21433308,1.161962406,0.201680126,1.140206439,0.189788546,1.096388059,0.180016198,1.032457119,0.169319352,0.974613614,0.162817673,0.913225426,0.156431068,0.851664911,0.148486346,0.772187283,0.135808455,0.721348233,0.128178207,0.668956805,0.116922597,0.631153078,0.095858318,0.601806447,0.066527368,0.577686842,0.04753204,0.558096294,0.026144491,0.538783971,0.008800289,0.53177001,-0.002222796,0.528348529,-0.018165037,0.5376329,-0.036137892,0.54893272,-0.051456513,0.557342949,-0.063012512,0.560973759,-0.074791236,0.544336521,-0.105596081,0.544547819,-0.114930567
Clubionidae_Clubiona_huttoni,2.038163116,-0.225355054,1.955574203,-0.263120599,1.872180451,-0.294199785,1.741796455,-0.315249433,1.610298067,-0.352891156,1.343586645,-0.377655448,1.108016321,-0.394495166,0.870712496,-0.410839599,0.715811851,-0.405081901,0.599543502,-0.389108933,0.546981293,-0.342675886,0.491075904,-0.280827068,0.466559255,-0.20034312,0.45764411,-0.139918248,0.452443609,-0.1027099,0.487113617,-0.027240721,0.545619256,0.017458826,0.600100698,0.077821787,0.69959124,0.139670605,0.840004774,0.181150794,0.993481472,0.252781507,1.092848192,0.306829574,1.227256385,0.345461869,1.38135219,0.395981024,1.501706648,0.425698174,1.656173917,0.445014322,1.678709422,0.451143484,1.671589689,0.454672395,1.665027151,0.457458378,1.666389187,0.443342732,1.615127103,0.459377611,1.561883876,0.458387039,1.531919083,0.458077485,1.422151361,0.461544486,1.358569042,0.467611738,1.274184718,0.453743734,1.218588883,0.439999552,1.148567848,0.385580021,1.115878983,0.377036341,1.079661207,0.347319191,1.060902256,0.298409715,1.054773093,0.252224311,1.101020408,0.187403777,1.291705454,0.064139515,1.397944265,0.007491198,1.60546903,-0.046618779,1.774609142,-0.091380236,1.870694594,-0.107724669,1.946101862,-0.121283119,2.071037713,-0.136451247
Clubionidae_Clubiona_sp2,2.021621622,-0.305405405,1.940540541,-0.343243243,1.807567568,-0.361621622,1.565405405,-0.38,1.283243243,-0.387567568,1.096216216,-0.361621622,0.922162162,-0.321621622,0.717837838,-0.271891892,0.52,-0.185405405,0.408648649,-0.137837838,0.313513514,-0.085945946,0.278918919,-0.048108108,0.274594595,-0.009189189,0.294054054,0.015675676,0.322162162,0.054594595,0.387027027,0.071891892,0.471351351,0.09027027,0.627027027,0.132432432,0.899459459,0.181081081,1.113513514,0.263243243,1.321081081,0.334594595,1.561081081,0.396216216,1.767567568,0.423243243,1.941621622,0.453513514,2.113513514,0.454594595,2.143783784,0.438378378,2.131891892,0.413513514,2.072432432,0.385405405,2.019459459,0.374594595,1.957837838,0.369189189,1.871351351,0.360540541,1.734054054,0.345405405,1.575135135,0.307567568,1.398918919,0.270810811,1.291891892,0.257837838,1.196756757,0.244864865,1.126486486,0.221081081,1.074594595,0.200540541,1.024864865,0.17027027,1.008648649,0.143243243,1.086486486,0.093513514,1.189189189,0.007027027,1.295135135,-0.06,1.442162162,-0.134594595,1.578378378,-0.197297297,1.734054054,-0.283783784,1.844324324,-0.347567568,1.96,-0.371351351,2.063783784,-0.392972973,2.113513514,-0.402702703
Clubionidae_Clubiona_sp1,1.885646259,-0.651836735,1.848044218,-0.677704082,1.720272109,-0.705782313,1.580612245,-0.725595238,1.453214286,-0.747755102,1.318792517,-0.76957483,1.130238095,-0.746564626,0.933333333,-0.693673469,0.718690476,-0.636581633,0.517159864,-0.565034014,0.353197279,-0.471428571,0.235493197,-0.385221088,0.15047619,-0.299863946,0.104404762,-0.199370748,0.085595238,-0.095918367,0.093265306,0.006683673,0.133860544,0.10414966,0.213469388,0.202721088,0.333197279,0.29797619,0.482534014,0.38872449,0.679863946,0.490442177,0.863979592,0.57537415,1.05707483,0.63244898,1.236530612,0.67202381,1.391870748,0.701139456,1.562431973,0.71755102,1.671088435,0.748639456,1.719183673,0.779319728,1.752670068,0.804897959,1.699268707,0.81164966,1.59744898,0.808571429,1.470306122,0.800136054,1.314761905,0.802789116,1.139914966,0.801326531,0.956887755,0.782414966,0.785255102,0.748010204,0.649931973,0.711972789,0.547482993,0.644353741,0.472414966,0.536734694,0.426122449,0.431513605,0.422721088,0.328758503,0.50122449,0.192789116,0.631768707,0.006938776,0.788044218,-0.166394558,1.021292517,-0.338452381,1.256904762,-0.477295918,1.474761905,-0.569302721,1.65414966,-0.63292517,1.787142857,-0.682142857,1.854710884,-0.706955782
Corinnidae_Nyssus_cf_coloripes,0.883384392,-0.363948859,0.817426973,-0.372118907,0.71796323,-0.347772555,0.602661391,-0.321966605,0.510066893,-0.286092474,0.410423646,-0.225736966,0.316175016,-0.172636339,0.252536665,-0.116297606,0.230230584,-0.057739888,0.234853198,-0.011585076,0.264902835,0.053962743,0.298585247,0.1064075,0.347759783,0.145931132,0.403288792,0.18772595,0.483043185,0.239716935,0.548712077,0.268839907,0.636777728,0.300268958,0.737628297,0.337605007,0.826249429,0.360865548,0.899970893,0.369966123,1.00539619,0.372245681,1.098828033,0.374324307,1.220166381,0.378976552,1.33026734,0.374349827,1.417634968,0.368299338,1.476345292,0.367645047,1.501818189,0.368844128,1.506726011,0.379438791,1.465745732,0.379405224,1.412724455,0.376373738,1.326440738,0.368879156,1.225310974,0.344244276,1.135800003,0.328548272,1.009047468,0.294009735,0.848120538,0.256412484,0.702139719,0.219557197,0.595426059,0.187039009,0.503845712,0.140867513,0.440877048,0.079980276,0.381231444,0.021544223,0.316617753,-0.033806158,0.301851541,-0.090076166,0.316352838,-0.133113557,0.347268833,-0.17185484,0.399777706,-0.212540054,0.471984949,-0.250969919,0.576225136,-0.285553766,0.670768985,-0.305284217,0.757692651,-0.326095121,0.816732593,-0.352180722
Corinnidae_Nyssus_albomaculatus,0.79490439,-0.391091198,0.708305465,-0.425575945,0.50268012,-0.428312277,0.299075202,-0.40554517,0.153759599,-0.356031841,0.044587835,-0.296077574,0.011192144,-0.223770508,-0.028740067,-0.123643267,-0.055346424,-0.041879752,-0.060770451,0.023432325,-0.043860258,0.094437823,-0.003172793,0.149827502,0.056185522,0.194266802,0.128131348,0.238011681,0.230805894,0.287671545,0.35036729,0.317094266,0.46633077,0.359360125,0.555525401,0.405515254,0.677030812,0.444222546,0.767641152,0.466768565,0.868773033,0.467584843,0.937870529,0.471084958,1.018325187,0.464036996,1.131238448,0.450116094,1.26301473,0.439935498,1.370693277,0.420322415,1.399582452,0.414947408,1.345120239,0.417066207,1.236802149,0.425334419,1.089703167,0.442178729,0.944049572,0.444751758,0.815270013,0.430794508,0.626503363,0.40575111,0.490397254,0.383176985,0.402595181,0.36717406,0.34165309,0.343993597,0.29350283,0.314688161,0.258424703,0.2630607,0.230964529,0.19984994,0.218301749,0.130123811,0.213662179,0.042614713,0.218709817,-0.022925789,0.218616018,-0.096835448,0.228559281,-0.156556051,0.275129766,-0.237766535,0.325458183,-0.300900503,0.40799234,-0.359392328,0.506276368,-0.404391804,0.624084634,-0.457964472,0.715892262,-0.497084167
Corinnidae_Leichhardteus_albofasciatus,0.430024709,-0.313714146,0.385615702,-0.305059624,0.287896373,-0.275980664,0.187151934,-0.213339282,0.116635777,-0.131109369,0.072482081,-0.059539846,0.05485104,-0.007881313,0.062893796,0.023242824,0.083955904,0.060627658,0.121217327,0.113255504,0.188395215,0.164233835,0.276283421,0.195404507,0.389983419,0.226743976,0.535731414,0.250989478,0.709024245,0.269238244,0.867332768,0.282552669,1.012432249,0.296320106,1.147917059,0.30967783,1.237978473,0.314155198,1.332907459,0.313426919,1.444870184,0.311442021,1.516727595,0.308665626,1.58983731,0.311065627,1.59863258,0.309361419,1.56467649,0.313052375,1.495334818,0.319746355,1.390662587,0.336325528,1.254412583,0.359349183,1.124393399,0.383263475,1.000516145,0.38256371,0.843209179,0.354119756,0.717048554,0.328185326,0.585701524,0.293024974,0.466553934,0.258781828,0.392247482,0.21567314,0.32091572,0.18474852,0.277823334,0.143368385,0.25476998,0.080873779,0.246394705,-0.003703123,0.252490498,-0.075022939,0.269051624,-0.129158477,0.289170162,-0.162163078,0.319787258,-0.182983436,0.351910583,-0.203595343,0.405905738,-0.228085029,0.455017802,-0.248365419,0.496100701,-0.270259961,0.548235051,-0.291158503,0.602821293,-0.324825872,0.644379313,-0.364545123
Deinopidae_Deinopis_spinosa,0.218988776,-0.066495858,0.224575602,-0.056413455,0.228696152,-0.033941565,0.247246317,-0.023403278,0.272758423,-0.021868761,0.304075199,-0.016185013,0.336935169,-0.001912553,0.38979813,0.020922482,0.450216918,0.040760627,0.509129437,0.070951887,0.585812557,0.078969037,0.667845898,0.064068055,0.750444078,0.067588522,0.83091749,0.071719216,0.894656723,0.086241569,0.965835329,0.106992321,1.040277681,0.118316713,1.093281236,0.124589841,1.150243843,0.132875414,1.199654255,0.141402207,1.247051448,0.163002333,1.257484151,0.15862143,1.259275465,0.151617061,1.254152928,0.151825501,1.241246112,0.144271837,1.216678058,0.149881253,1.182985621,0.15385869,1.161520045,0.150456087,1.135811329,0.147401455,1.101199095,0.139052985,1.056259794,0.128035175,1.005168125,0.121887894,0.947133313,0.115666413,0.862065156,0.111691948,0.791403575,0.110949789,0.726315894,0.098479351,0.670798891,0.094335851,0.614376457,0.073869346,0.577738322,0.044678515,0.539727323,0.01269034,0.520886904,-0.01825749,0.489706986,-0.040981923,0.465013413,-0.074635495,0.439974955,-0.102595352,0.417440872,-0.129860064,0.408681743,-0.142282247,0.391184893,-0.167395614,0.375771989,-0.197892425,0.358420594,-0.214601782,0.347288154,-0.223118944
Desidae_Badumna_insignis,0.986204428,-0.399096931,0.883301829,-0.377883791,0.726247222,-0.340653175,0.580063873,-0.29760045,0.416210881,-0.245306774,0.302814078,-0.159238077,0.219454418,-0.06506678,0.169835949,0.018024811,0.157756784,0.096609505,0.189981173,0.163184299,0.217944064,0.207587916,0.24127313,0.243493187,0.267405375,0.289419959,0.295572446,0.32685193,0.33895452,0.357248038,0.416646783,0.388774604,0.494807538,0.406246266,0.571247451,0.425509657,0.66642572,0.448819144,0.762324198,0.46167345,0.845976209,0.457664209,0.921419513,0.453046188,0.987719948,0.441514068,1.06421578,0.418529768,1.123517938,0.381184243,1.124931308,0.381458878,1.09401406,0.392727264,1.04254039,0.413294401,0.974222068,0.426472965,0.900633971,0.434439509,0.790141205,0.448509816,0.717008844,0.462106207,0.626244619,0.466945868,0.55831594,0.466467762,0.490456074,0.460023391,0.419653642,0.439610319,0.367520763,0.423294709,0.333248156,0.39734029,0.318000697,0.363247605,0.300491927,0.311829321,0.293061818,0.257705061,0.300746599,0.189776146,0.328299473,0.087510383,0.380717722,-0.004728215,0.470422163,-0.107108069,0.58597653,-0.204399957,0.75308994,-0.289758338,0.923886846,-0.346791458,1.077295611,-0.412345661,1.173113711,-0.451219552
Desidae_Paramatachia_sp_CG277,0.531020526,-0.375873546,0.501756498,-0.374026587,0.443987443,-0.35484719,0.376635806,-0.328958905,0.297768603,-0.292583627,0.252790541,-0.252176482,0.218226057,-0.21189182,0.205602942,-0.177223764,0.185293465,-0.151909387,0.201674129,-0.129823766,0.236670927,-0.098111607,0.266279214,-0.073478124,0.343000378,-0.052080374,0.405364758,-0.029628903,0.499494953,0.008199653,0.607467384,0.038886273,0.747173644,0.077911349,0.863960995,0.120162673,0.999207292,0.173248019,1.137927947,0.217594547,1.281262563,0.268714023,1.390772135,0.312707606,1.497634147,0.351507938,1.619181792,0.380158485,1.709827082,0.412231412,1.789666808,0.438309142,1.850853521,0.45877702,1.875560673,0.468057899,1.885419169,0.469566472,1.87813206,0.469059285,1.832605424,0.459443882,1.750492255,0.446950816,1.628954267,0.428098346,1.488685505,0.409217572,1.352785916,0.39883762,1.169434627,0.377734271,1.019497068,0.341995609,0.876288121,0.300939871,0.68408231,0.231510818,0.530067495,0.155995206,0.414458997,0.069835767,0.354236794,-0.004966824,0.328995884,-0.066009065,0.337339501,-0.10365854,0.362812024,-0.138088597,0.394756036,-0.170426019,0.432185847,-0.218110578,0.475604384,-0.273507664,0.522873843,-0.33581528,0.558176793,-0.382669449
Desidae_Austmusia_wilsoni,1.680833198,-0.267996497,1.61149533,-0.311154556,1.462593271,-0.355769523,1.21682144,-0.357338574,0.96135902,-0.337934995,0.728493945,-0.295160476,0.492577387,-0.237589877,0.351027072,-0.154143722,0.269836809,-0.067205659,0.258753123,-0.001881177,0.269039589,0.049059276,0.282093244,0.097696454,0.311176958,0.131943901,0.333540784,0.138213859,0.355744814,0.149493185,0.399000081,0.161424731,0.467633866,0.176860677,0.597978305,0.209198572,0.792354323,0.260150565,1.088921337,0.300673401,1.40137314,0.348224177,1.675529081,0.386107445,1.88479893,0.413503313,2.047982921,0.430510753,2.168078636,0.429730504,2.256014989,0.410418296,2.254787254,0.392976132,2.164509341,0.34449685,1.988665689,0.30153796,1.776857283,0.268829423,1.606789535,0.248890518,1.44279855,0.242774791,1.242457098,0.240109971,1.043655507,0.255851254,0.841878598,0.260531525,0.657500679,0.26929225,0.515992587,0.262106278,0.395168757,0.240091778,0.292994053,0.175423862,0.271335125,0.092333958,0.292394374,0.006999837,0.375751466,-0.075809031,0.53465366,-0.184620941,0.726723553,-0.239465217,0.961883621,-0.266949739,1.241069159,-0.297323775,1.451318969,-0.296551808,1.619196264,-0.279382535,1.744483274,-0.250020093,1.829155127,-0.23544477
Desidae_Matachiinae_spec,1.630805379,-0.652649845,1.534916069,-0.649171119,1.381987326,-0.631946754,1.152684318,-0.580785727,0.948724691,-0.503976103,0.696717586,-0.366469507,0.472474355,-0.194122568,0.327526269,-0.023182377,0.226090776,0.13621601,0.20465052,0.263620251,0.22784569,0.37347743,0.285839218,0.441100033,0.336073774,0.486188523,0.386562723,0.506158338,0.440369493,0.526108276,0.546268566,0.548383571,0.687507873,0.566665458,0.871514824,0.57733437,1.044300513,0.579993754,1.241358099,0.585215556,1.447948309,0.599863055,1.621717606,0.620184756,1.822416274,0.633053129,1.993991878,0.655580752,2.126216653,0.674556729,2.213022964,0.691401253,2.273382226,0.712768746,2.251412809,0.704479385,2.175219999,0.705967804,2.040785483,0.696471991,1.868306597,0.681215045,1.67199398,0.670465662,1.445071829,0.643652355,1.170095857,0.605793317,0.870457195,0.576219537,0.641090611,0.533277581,0.481447866,0.518760333,0.367197123,0.50336157,0.288466274,0.460496734,0.217938205,0.407937864,0.18720521,0.327824888,0.202008966,0.224060531,0.283385948,0.077947714,0.483257782,-0.089133519,0.776284965,-0.261820088,1.065201622,-0.402043175,1.312467642,-0.492418671,1.57620915,-0.551471952,1.783318163,-0.579126465,1.890536906,-0.595676921
Stiphidiidae_Taurongia_sp,0.668390093,-0.254117647,0.653947368,-0.257120743,0.631835913,-0.235464396,0.599080495,-0.218396285,0.558083591,-0.228018576,0.495123839,-0.222814241,0.405950464,-0.185368421,0.261126935,-0.129647059,0.157560372,-0.054012384,0.092089783,0.014643963,0.07404644,0.065458204,0.068631579,0.074504644,0.055034056,0.083281734,0.038736842,0.084210526,0.014352941,0.096749226,0.002526316,0.10606192,0.04119195,0.125371517,0.11995356,0.130758514,0.194907121,0.125433437,0.301882353,0.125374613,0.40695356,0.142860681,0.468712074,0.151823529,0.53022291,0.18952322,0.646625387,0.236043344,0.777721362,0.270631579,0.918421053,0.293653251,0.987151703,0.295201238,1.033359133,0.317569659,1.040736842,0.353987616,1.034922601,0.366563467,0.985541796,0.351547988,0.96752322,0.336842105,0.966408669,0.32755418,0.968393189,0.326315789,0.936470588,0.309226006,0.91523839,0.292684211,0.865386997,0.302613003,0.765232198,0.30793808,0.704876161,0.313854489,0.643671827,0.283117647,0.598820433,0.189074303,0.571349845,0.089876161,0.552182663,0.012430341,0.554473684,-0.064659443,0.573566563,-0.138408669,0.621421053,-0.171600619,0.692154799,-0.245356037,0.785919505,-0.288625387,0.949182663,-0.319105263,1.038130031,-0.300743034
Desidae_Cambridgea_sp_CG97,0.732299082,-0.427052186,0.708481094,-0.432836757,0.629389001,-0.431658152,0.501145962,-0.396824948,0.356913195,-0.346227419,0.258057981,-0.301478456,0.16915613,-0.258105219,0.1127356,-0.213626751,0.080244004,-0.1796815,0.070713759,-0.149433005,0.072264066,-0.123438605,0.083408883,-0.091995583,0.102450795,-0.0610777,0.127734514,-0.030257739,0.160800627,-0.000831912,0.189088382,0.031589944,0.230973236,0.068662564,0.273477488,0.099293822,0.327201213,0.12562753,0.370136676,0.157808831,0.415601995,0.211721159,0.46579709,0.24905192,0.534467658,0.295020757,0.591216812,0.334833961,0.646186622,0.36690705,0.692946593,0.400688474,0.723105796,0.417554948,0.731695139,0.430172026,0.736142104,0.441129813,0.721737925,0.439246414,0.704473948,0.430638446,0.677236776,0.416450404,0.643406428,0.393137624,0.601816826,0.360263973,0.546034835,0.318388242,0.500474219,0.270303073,0.469515721,0.218806046,0.439490656,0.171528287,0.422592424,0.127827771,0.430552756,0.092866009,0.456726502,0.037189971,0.479986055,-0.010294547,0.531084709,-0.051026678,0.578617524,-0.089020233,0.625076668,-0.121908786,0.668978585,-0.160423138,0.705421799,-0.197947321,0.750442306,-0.23110731,0.797170211,-0.252381759,0.831589326,-0.275681767
Dictynidae_Brigittea_latens,3.539883828,-1.112005406,3.403226363,-1.073191281,3.100797677,-0.996180699,2.63708132,-0.862328042,2.162614447,-0.683740511,1.786188176,-0.537994594,1.430590062,-0.422946285,1.06799862,-0.290435358,0.768326432,-0.140740166,0.557457442,0.005106395,0.412232574,0.131383713,0.317852542,0.252971014,0.311024845,0.39416034,0.398696227,0.551475155,0.572406832,0.71357948,0.769156315,0.797084771,1.038068208,0.870691856,1.380744191,0.886492984,1.766462503,0.844403037,2.10618185,0.770649298,2.458833103,0.67234357,2.733586381,0.585189786,3.003382218,0.516701173,3.253804348,0.443945825,3.428352312,0.396652864,3.548546124,0.362836439,3.550119623,0.372020359,3.393383943,0.452490798,3.110641822,0.581645963,2.788229814,0.732299862,2.483018173,0.850227743,2.131545894,0.942264205,1.825987463,0.998943524,1.529048194,1.048427076,1.30826547,1.051061077,1.068261445,0.990521624,0.902876697,0.951653439,0.798049229,0.917456292,0.741634461,0.869973545,0.713247067,0.785754543,0.737832413,0.654377157,0.8782902,0.463589257,1.155722337,0.249084426,1.557745572,0.044400161,1.911240511,-0.142897401,2.35779043,-0.337233724,2.741887509,-0.394571544,3.06199793,-0.492986542,3.300006901,-0.587462043,3.460793076,-0.639947665
Dictynidae_Paradictyna_rufoflava,2.437375002,-0.700935457,2.31673383,-0.700382187,2.036845601,-0.674702437,1.819634359,-0.644061017,1.570773356,-0.559308774,1.297961304,-0.49205412,1.041446717,-0.415651866,0.832678744,-0.32328435,0.78503479,-0.221269783,0.797565929,-0.130386832,0.868960546,-0.013566647,0.988084982,0.073129806,1.124359527,0.180329649,1.284659599,0.289043798,1.391453015,0.395938702,1.53546214,0.468723332,1.681960605,0.474782617,1.902138644,0.567148036,2.208073277,0.639468083,2.597408524,0.679993396,2.794824057,0.696392801,3.01700326,0.69963315,3.444205618,0.672597791,3.87275063,0.656922411,4.170145784,0.638866738,4.350404781,0.638561768,4.441777268,0.589228885,4.328908922,0.566547933,4.06503466,0.577443151,3.791331831,0.589575701,3.524398478,0.5901537,3.185111621,0.584468423,2.801553184,0.574561564,2.43914285,0.544972546,2.024497942,0.50710659,1.51155031,0.438402508,1.257293063,0.353553615,1.078824822,0.283204036,0.891792932,0.178261714,0.807761983,0.058852093,0.797305951,-0.050056281,0.829774675,-0.166258901,0.939136442,-0.262691098,1.12141987,-0.380917305,1.365692704,-0.530260357,1.663195643,-0.661664139,2.041508681,-0.760491803,2.419113071,-0.809137051,2.758090509,-0.814886472,2.938268404,-0.812172369
Eresidae_Stegodyphus_lineatus,0.275389553,-0.211236344,0.252264722,-0.20595318,0.221449088,-0.199144478,0.175115909,-0.183273234,0.114052462,-0.158698009,0.057319178,-0.126399786,0.024315102,-0.100706117,0.014226229,-0.071808952,0.020554795,-0.039226985,0.048865314,-0.015918601,0.080940877,0.011518039,0.117459298,0.037960584,0.167246037,0.065368917,0.241683606,0.097029352,0.334394439,0.127567067,0.445915517,0.146585723,0.55429059,0.161534543,0.654845446,0.168440486,0.764058307,0.175198892,0.876630264,0.17799266,1.008478782,0.183157413,1.132402404,0.189899527,1.252313787,0.196238325,1.350061695,0.202130748,1.426332551,0.202994823,1.485374838,0.206724845,1.507583833,0.206003178,1.507138592,0.203702964,1.480390191,0.200108528,1.437640152,0.201951373,1.346879116,0.207714778,1.244376708,0.206458698,1.129445194,0.203539225,0.995630895,0.191428207,0.886662565,0.179832196,0.786479138,0.164973661,0.699269857,0.148578037,0.615929003,0.13067116,0.546022071,0.104386817,0.485966151,0.078230249,0.439052649,0.053404428,0.403877384,0.026101316,0.377195345,-0.00118097,0.357914148,-0.021497509,0.339531282,-0.048870717,0.337671733,-0.075246294,0.345410179,-0.09934416,0.350843022,-0.11575511,0.352653716,-0.128285903,0.352869732,-0.132813933
Eutichuridae_Calamoneta_sp_MR661,1.733662737,-0.641454676,1.63710505,-0.646964801,1.457820662,-0.651935181,1.283157997,-0.657585616,1.066497943,-0.66283875,0.858399134,-0.666518866,0.649014083,-0.647605689,0.422016256,-0.618599863,0.236967997,-0.581231266,0.112315168,-0.519736316,-0.012126283,-0.441218159,-0.070820213,-0.364822789,-0.091792147,-0.302664069,-0.092407819,-0.244866064,-0.068983006,-0.184915978,-0.024994522,-0.117579828,0.04046586,-0.039119096,0.103097001,0.031559228,0.192093596,0.108263689,0.312991652,0.182582693,0.418187812,0.248932661,0.538100657,0.308407953,0.658721909,0.360230365,0.823003079,0.412561654,0.988807395,0.479152583,1.138239173,0.539855543,1.269180376,0.57856369,1.383194852,0.6130396,1.48566003,0.652741549,1.554400022,0.678533094,1.583765115,0.710266268,1.595101612,0.735294001,1.560077683,0.769458959,1.499628362,0.769978697,1.415798733,0.748578774,1.305376846,0.696489332,1.194947815,0.635993695,1.071644026,0.540522608,0.960386744,0.446287204,0.893065148,0.355000891,0.849889622,0.208452945,0.883682855,0.046270812,0.962838739,-0.109642253,1.110547697,-0.258786348,1.262388073,-0.368664393,1.416137475,-0.467454968,1.59020552,-0.552239138,1.741384844,-0.584356049,1.864483432,-0.59264787,1.940093071,-0.599555079
Filistatidae_Pikelinia_tambilloi,1.93210306,-0.278364849,1.87094502,-0.281951921,1.689888567,-0.256382103,1.459799954,-0.211844122,1.236589418,-0.160824247,1.027328686,-0.105040718,0.868585369,-0.032474442,0.715717322,0.055625167,0.643737382,0.136112997,0.579080101,0.205546354,0.596163377,0.282142351,0.669624753,0.335236853,0.741660455,0.391973315,0.876853462,0.436119899,1.081477985,0.469235427,1.30128392,0.495965263,1.512364067,0.487394525,1.750636301,0.457030596,2.039165217,0.407817805,2.340639844,0.342018403,2.61454502,0.259439061,2.81740253,0.184415137,2.97981983,0.119252266,3.106937566,0.078318657,3.183517874,0.052941707,3.204692248,0.034867817,3.1163977,0.046146032,2.963375201,0.038213389,2.811277249,0.054230642,2.575332275,0.065348976,2.337930159,0.091408144,2.128278215,0.097112997,1.92708438,0.091989372,1.72971378,0.074559696,1.52347228,0.079267541,1.358460686,0.09284219,1.146316816,0.087242926,1.009226593,0.088967656,0.927940695,0.092847389,0.889563193,0.084459075,0.837763101,0.061727628,0.852130481,0.043926386,0.914076559,0.010990338,1.015038601,-0.03278951,1.162158454,-0.07951355,1.35269418,-0.155207361,1.530230872,-0.219025351,1.745099793,-0.296137474,1.931627697,-0.377832988,2.061463998,-0.419393053
Filistatidae_Kukulcania_hibernalis,0.138472717,-0.282533138,0.107119152,-0.28036674,0.084393278,-0.265300018,0.082499218,-0.249367094,0.091651527,-0.233178736,0.11767361,-0.214777079,0.146290253,-0.192350365,0.182250181,-0.17426243,0.227434811,-0.148393242,0.289708027,-0.128224057,0.365234363,-0.117183097,0.45599302,-0.097424201,0.561447373,-0.06532938,0.659612524,-0.027381684,0.778567918,0.017515932,0.913701559,0.064928097,1.047628325,0.117473996,1.177172341,0.153400292,1.284860726,0.183259678,1.391077367,0.211475906,1.501171076,0.243725328,1.585895717,0.27432342,1.667091804,0.305055201,1.735993029,0.319783075,1.782442424,0.29709585,1.79575521,0.267286501,1.779080616,0.239517231,1.752187434,0.212634767,1.72778009,0.190522145,1.673630241,0.14911182,1.575935482,0.092555896,1.469227963,0.047338676,1.336451454,-0.001228452,1.200956472,-0.04317675,1.065105843,-0.075176178,0.942183926,-0.097172086,0.829189292,-0.107561924,0.707122077,-0.116950434,0.586772171,-0.126593627,0.475899809,-0.136014682,0.37869619,-0.142793439,0.318002558,-0.152931887,0.270469114,-0.157685527,0.227732674,-0.162504909,0.187456357,-0.167435563,0.137233151,-0.177981549,0.120205262,-0.198938971,0.1170045,-0.218332829,0.119415261,-0.245949991,0.123283564,-0.262403034
Gradungulidae_Tarlina_woodwardi,0.007580661,-0.452491076,-0.026862307,-0.404811177,-0.033383183,-0.337189463,-0.030851527,-0.265212862,-0.020051688,-0.208078768,-0.021798337,-0.14201667,-0.000885018,-0.10842677,0.032092675,-0.084958404,0.069454746,-0.066750399,0.122056091,-0.045851061,0.208279497,-0.014883129,0.31541812,0.041848441,0.46336996,0.108508315,0.660070724,0.162014099,0.867044066,0.207920794,1.096445516,0.2426488,1.312536386,0.273831841,1.537522936,0.30477062,1.813406231,0.352014223,2.086613658,0.39362118,2.304229639,0.398003424,2.525415926,0.398451999,2.674181864,0.401405687,2.748158624,0.397589552,2.769720557,0.391604061,2.729992692,0.370229709,2.654274649,0.33927417,2.515050405,0.286766083,2.342003417,0.224118148,2.129063226,0.16501401,1.96840526,0.103730055,1.791737217,0.033877772,1.598090134,-0.044713942,1.442542035,-0.110498326,1.288378163,-0.178537505,1.127997562,-0.230815373,0.984162625,-0.23544385,0.848383139,-0.239673811,0.757946268,-0.248220789,0.667583909,-0.26174493,0.55545274,-0.282546328,0.408745793,-0.290003185,0.290758824,-0.286890457,0.236288693,-0.280944135,0.198907571,-0.291948935,0.179291335,-0.280453037,0.130263604,-0.287887142,0.087385427,-0.323207929,0.054674806,-0.363749225,0.05017207,-0.37822611
Hersiliidae_Hersilia_sericea,0.298181818,-0.354545455,0.28969697,-0.324242424,0.272727273,-0.263636364,0.23030303,-0.206666667,0.219393939,-0.177575758,0.193939394,-0.147272727,0.185454545,-0.106060606,0.178181818,-0.027272727,0.19030303,0.012727273,0.196363636,0.045454545,0.232727273,0.114545455,0.254545455,0.148484848,0.278787879,0.18,0.303030303,0.224848485,0.338181818,0.264848485,0.395151515,0.313333333,0.416969697,0.329090909,0.454545455,0.347272727,0.48969697,0.373939394,0.512727273,0.390909091,0.563636364,0.423636364,0.625454545,0.45030303,0.692121212,0.46969697,0.740606061,0.49030303,0.778181818,0.498787879,0.843636364,0.510909091,0.871515152,0.520606061,0.905454545,0.525454545,0.936969697,0.516969697,0.952727273,0.5,0.961212121,0.483030303,0.96969697,0.466060606,0.991515152,0.406666667,0.991515152,0.350909091,0.989090909,0.270909091,0.943030303,0.177575758,0.895757576,0.120606061,0.835151515,0.053939394,0.76969697,-0.030909091,0.658181818,-0.154545455,0.574545455,-0.236969697,0.543030303,-0.268484848,0.454545455,-0.350909091,0.413333333,-0.375151515,0.384242424,-0.390909091,0.363636364,-0.430909091,0.341818182,-0.467272727,0.327272727,-0.497575758,0.318787879,-0.510909091,0.312727273,-0.521818182
Hersiliidae_Tamopsis_sp3,0.144444444,-0.592222222,0.13962963,-0.591111111,0.106666667,-0.574444444,0.070555556,-0.548888889,0.035740741,-0.524074074,-0.027481481,-0.482148148,-0.106111111,-0.419555556,-0.16762963,-0.330222222,-0.190925926,-0.265037037,-0.193777778,-0.199444444,-0.193333333,-0.103074074,-0.185925926,-0.045925926,-0.15837037,0.02437037,-0.120296296,0.08637037,-0.067259259,0.130888889,0.004148148,0.181259259,0.079111111,0.236814815,0.140074074,0.272037037,0.236555556,0.324814815,0.343148148,0.385,0.481814815,0.445555556,0.569592593,0.477074074,0.665259259,0.515888889,0.803074074,0.551888889,0.927851852,0.593296296,1.035,0.621666667,1.162407407,0.633333333,1.230740741,0.628518519,1.308518519,0.575555556,1.339074074,0.531111111,1.340185185,0.451851852,1.343703704,0.376666667,1.30237037,0.279185185,1.213037037,0.175037037,1.143925926,0.093888889,1.071555556,0.00562963,0.996074074,-0.055703704,0.917740741,-0.116,0.850037037,-0.167777778,0.787111111,-0.209111111,0.660740741,-0.293555556,0.628296296,-0.324444444,0.545333333,-0.350111111,0.488333333,-0.397592593,0.451777778,-0.436888889,0.402,-0.482592593,0.349333333,-0.529555556,0.333333333,-0.553111111,0.316296296,-0.580962963,0.288,-0.593555556
Hersiliidae_Tamopsis_sp2,0.552173913,-0.669565217,0.535144928,-0.656884058,0.508695652,-0.645652174,0.409782609,-0.623913043,0.319565217,-0.575724638,0.250724638,-0.531521739,0.172463768,-0.48115942,0.118115942,-0.419565217,0.067391304,-0.330434783,-0.00326087,-0.23115942,-0.009782609,-0.119927536,0.013043478,-0.052173913,0.031521739,0.045652174,0.06557971,0.104710145,0.086956522,0.137681159,0.137681159,0.194202899,0.192753623,0.251811594,0.235869565,0.29384058,0.27826087,0.339130435,0.328985507,0.384782609,0.389492754,0.423913043,0.473188406,0.464492754,0.586956522,0.509782609,0.668115942,0.555072464,0.736231884,0.589855072,0.843478261,0.656521739,0.886231884,0.669927536,1,0.704347826,1.096376812,0.707246377,1.173550725,0.680434783,1.237681159,0.643478261,1.256521739,0.57826087,1.295652174,0.513043478,1.302898551,0.45942029,1.293478261,0.397463768,1.264855072,0.316666667,1.25,0.27173913,1.19673913,0.185507246,1.15615942,0.118115942,1.114492754,0.057971014,1.05,-0.006521739,0.993115942,-0.102898551,0.948188406,-0.179710145,0.91884058,-0.217753623,0.892028986,-0.263043478,0.839492754,-0.348913043,0.786231884,-0.417391304,0.74673913,-0.466304348,0.71884058,-0.5,0.682608696,-0.534782609
Linyphiidae_Linyphia_triangularis,1.139979457,-0.353406612,1.088347808,-0.347989348,0.979758804,-0.353400003,0.790622846,-0.346931719,0.649280591,-0.330328279,0.508641216,-0.288258429,0.36093851,-0.261749554,0.286562277,-0.206640438,0.205903674,-0.110947951,0.166479685,-0.018490756,0.177584749,0.083961913,0.195047912,0.149795063,0.237012183,0.215716058,0.306816747,0.272446035,0.380294838,0.322653755,0.464040382,0.346744183,0.5331156,0.365878003,0.642508125,0.393504396,0.729827158,0.424079452,0.872759666,0.462773945,1.023357274,0.501314527,1.151133984,0.516254701,1.261104798,0.533896859,1.347720264,0.560410417,1.420456275,0.579725398,1.461682833,0.59617227,1.4636605,0.597624935,1.413435875,0.591763506,1.348756994,0.588943689,1.263276273,0.580313903,1.167898568,0.570855245,1.065863888,0.557230035,0.973211577,0.548648209,0.850785378,0.499302389,0.721032545,0.417861806,0.603015929,0.306512896,0.507134853,0.186725733,0.441029148,0.070052212,0.411778301,-0.037163686,0.406135808,-0.111669342,0.444932647,-0.19777918,0.510354462,-0.250229683,0.582821114,-0.302242009,0.664035708,-0.341290384,0.780122004,-0.382756066,0.866710927,-0.40019974,0.973980747,-0.390742024,1.062398824,-0.356917161,1.141174826,-0.323448166,1.188973266,-0.287285892
Megadictynidae_Megadictyna_thilenii,0.291975354,-0.271716851,0.276122971,-0.270149142,0.248949556,-0.264531225,0.219966487,-0.255918384,0.169489766,-0.243966071,0.142933393,-0.231608362,0.143363746,-0.228415732,0.15121051,-0.221174658,0.181387613,-0.205280128,0.200162216,-0.199251086,0.226645937,-0.181390066,0.259446724,-0.165937421,0.294756073,-0.152227749,0.34522963,-0.123334021,0.438971635,-0.079944424,0.567392516,-0.038050198,0.690114362,0.02005389,0.809181238,0.068721006,0.913937656,0.108075053,1.022456986,0.139337506,1.12844675,0.173566565,1.208795119,0.192629006,1.295984552,0.217415782,1.366925598,0.234478459,1.410139976,0.256545011,1.433862577,0.262883688,1.441501867,0.2681157,1.428314071,0.272899203,1.402740787,0.277520018,1.362417426,0.275279079,1.277494477,0.265875439,1.215984461,0.25036105,1.133432224,0.219190346,1.058269652,0.178083942,0.974154803,0.146681504,0.850333249,0.113413871,0.745317628,0.074308445,0.649743077,0.050594082,0.569893619,0.030010011,0.49559012,0.00760157,0.42615201,-0.00661052,0.36333573,-0.035212016,0.322651953,-0.070200127,0.294988626,-0.093315587,0.271921672,-0.119847929,0.241941954,-0.139778685,0.235376126,-0.158562542,0.231494066,-0.181962941,0.208186973,-0.191929634,0.215609028,-0.201022475
Mimetidae_Australomimetus_sp_NS112,1.283634358,-0.302340083,1.214601241,-0.301958199,1.101936315,-0.30295892,0.950010811,-0.302723637,0.764533917,-0.304082072,0.628091107,-0.295199423,0.485740213,-0.262509448,0.369418956,-0.230955369,0.29375802,-0.189923623,0.247382974,-0.142177925,0.214507198,-0.096490358,0.210571552,-0.039510538,0.219522227,0.010073476,0.237478423,0.05572492,0.257953031,0.096855719,0.288022289,0.135055019,0.338586018,0.174922744,0.408412874,0.234653887,0.512714145,0.300200127,0.640238886,0.367051539,0.801336902,0.456836383,0.929787393,0.514072053,1.042912778,0.560305068,1.127404683,0.596795602,1.182414263,0.61033829,1.206527888,0.622217125,1.228462708,0.625530858,1.221593014,0.619300656,1.192376206,0.596975602,1.149472921,0.569265587,1.095868533,0.533160101,1.007491079,0.487637329,0.912039498,0.426043435,0.803024926,0.344282638,0.700962049,0.256700065,0.602067271,0.169959658,0.506982897,0.071535798,0.433856282,-0.030767987,0.378175218,-0.115103271,0.360366415,-0.202252193,0.364034963,-0.295861063,0.400070576,-0.359705743,0.486222205,-0.405154336,0.579676651,-0.438714338,0.68515416,-0.467667124,0.811745241,-0.486713688,0.942861274,-0.488103676,1.077166675,-0.476748844,1.193964475,-0.445632723,1.26206982,-0.407882895
Miturgidae_Mituliodon_tarantulinus,2.096198756,-0.574563828,1.979049816,-0.571979228,1.787748323,-0.543590639,1.576321532,-0.501769843,1.31231726,-0.414068039,1.048975207,-0.300043247,0.811502549,-0.183663224,0.584327752,-0.058704969,0.376084311,0.075370672,0.269410217,0.203906446,0.207749644,0.279146141,0.20668666,0.346813162,0.214591769,0.382691815,0.255394293,0.421763133,0.299120399,0.447982294,0.338998257,0.477994717,0.401831222,0.506827136,0.483120932,0.536814237,0.587415219,0.565432637,0.689629766,0.588841511,0.800605318,0.609834642,0.909518264,0.619043439,1.044003974,0.632859181,1.153868744,0.635227772,1.28689566,0.637366944,1.419442283,0.643125234,1.531814425,0.642865983,1.637859215,0.65397896,1.663455711,0.637858361,1.613548426,0.630297552,1.498746707,0.611972702,1.351577487,0.600121161,1.184093047,0.58273204,1.025065005,0.571586916,0.868745457,0.560418584,0.733186253,0.555490169,0.664455633,0.541300096,0.603923242,0.535804982,0.57050688,0.512859136,0.56827695,0.443514531,0.584925025,0.338115148,0.656983114,0.227998496,0.782952964,0.107054091,0.985044792,-0.027883733,1.250464379,-0.175221937,1.474201656,-0.308535697,1.681761728,-0.388530129,1.855140989,-0.451691307,2.001837472,-0.491491476,2.085680897,-0.509536064
Miturgidae_Nuliodon_fishburni,2.040406611,-0.405782299,1.931668323,-0.392849512,1.748817205,-0.383250587,1.567346497,-0.362611127,1.379794106,-0.322166828,1.224374007,-0.277948389,1.039212374,-0.215452279,0.85051287,-0.143889837,0.664945215,-0.08355039,0.527424286,-0.029988438,0.417000706,0.037939361,0.379393699,0.087468467,0.383472252,0.139127822,0.419402547,0.182648415,0.472735641,0.232878121,0.571171922,0.254867585,0.713841116,0.270649944,0.855936869,0.272299782,1.004316748,0.290275084,1.14836337,0.308315976,1.302468567,0.327007669,1.430166591,0.34065981,1.54947077,0.356953722,1.649655566,0.371298631,1.76070862,0.378920272,1.803360586,0.385345063,1.784872782,0.37594456,1.722013575,0.3563966,1.574414877,0.331703496,1.362814129,0.310512771,1.149898669,0.308891612,0.970074996,0.316259786,0.787300829,0.338901149,0.641751399,0.373435443,0.527338606,0.39631096,0.426105784,0.414501235,0.359147135,0.413074489,0.321184641,0.388678127,0.311447375,0.352433473,0.328756873,0.306863403,0.360880767,0.257912597,0.440090378,0.200709797,0.652926064,0.091090462,0.909894729,-0.023360118,1.184102544,-0.122496838,1.404598466,-0.181743338,1.594473633,-0.214076508,1.794370506,-0.23542335,1.918850723,-0.234382357,2.000917556,-0.22564335
Miturgidae_Argoctenus_sp_CG26,3.309116809,-0.379895537,2.959430199,-0.581766382,2.605156695,-0.724218424,2.236087369,-0.728391263,1.679998101,-0.692962963,1.174472934,-0.553595442,0.743884141,-0.390645774,0.41557265,-0.239756885,0.198811016,-0.066955366,0.103190883,0.074349478,0.082444444,0.194626781,0.103149098,0.287424501,0.220651472,0.377080722,0.415956315,0.430491928,0.527521368,0.444814815,0.563703704,0.367506173,0.75391453,0.301373219,1.187635328,0.345375119,1.706904084,0.352507123,2.185574549,0.407354226,2.671470085,0.491078822,2.949033238,0.536997151,3.140579297,0.572226021,3.322974359,0.569373219,3.466248813,0.564226021,3.570379867,0.574368471,3.568765432,0.545802469,3.512790123,0.544592593,3.445604938,0.541274454,3.345975309,0.567530864,3.220087369,0.583430199,3.024336182,0.595481481,2.741848053,0.577732194,2.179580247,0.510928775,1.58957265,0.411794872,1.18848433,0.353604938,0.892410256,0.251555556,0.724301994,0.30559924,0.676795821,0.324795821,0.686463438,0.309580247,0.805139601,0.209561254,0.929367521,0.052693257,1.274425451,-0.080360874,1.477891738,-0.229705603,1.665048433,-0.429105413,1.983405508,-0.568706553,2.319166192,-0.588210826,2.699868946,-0.538233618,2.973234568,-0.455874644,3.103244065,-0.37962963
Nicodamidae_Oncodamus_decipiens,1.028714399,-0.377671577,0.955717401,-0.367682116,0.863426821,-0.35238457,0.750282383,-0.315443623,0.608071797,-0.271354942,0.459409335,-0.206342943,0.377243837,-0.147237986,0.311117139,-0.091583776,0.273173261,-0.046307281,0.26817688,-0.003907976,0.298831931,0.036199148,0.330870686,0.07023699,0.362960345,0.100114987,0.413907221,0.139618023,0.467641881,0.168978403,0.545250517,0.209209036,0.649222154,0.265329182,0.727257949,0.311764483,0.793673586,0.340430155,0.867805409,0.350903195,0.955651385,0.366639613,1.056228698,0.388887471,1.144394467,0.414813099,1.224120375,0.43643749,1.319094276,0.440558946,1.417374926,0.451476348,1.468043388,0.466186719,1.497871172,0.481435491,1.52682077,0.483459204,1.517082448,0.492520259,1.483655751,0.496100224,1.425425758,0.478801234,1.362189152,0.456766672,1.29223112,0.426055107,1.201185808,0.379117881,1.122306072,0.322683397,1.068421671,0.27889983,1.020759029,0.229458274,0.967216654,0.180561766,0.909980805,0.128951672,0.863740564,0.065603611,0.822785268,-0.000726842,0.791414951,-0.072398798,0.780521506,-0.1237585,0.759624997,-0.179232933,0.783360089,-0.247872768,0.8606268,-0.2940649,0.965249244,-0.32419485,1.062378938,-0.331226293,1.113187673,-0.325484526
Nicodamidae_Litodamus_olga,1.534470842,-0.377533276,1.436005407,-0.391423009,1.286695588,-0.415193397,1.091211311,-0.395325365,0.842869892,-0.36161251,0.594395837,-0.300421282,0.387448929,-0.208444426,0.224044636,-0.130039737,0.108896062,-0.054050508,0.013778672,0.040577032,0.004490631,0.112443595,0.040471045,0.178150025,0.086879656,0.236246871,0.126262989,0.265282731,0.152808736,0.297040893,0.154904649,0.319908983,0.169955252,0.343146234,0.24634948,0.371416743,0.366764896,0.387185727,0.509057536,0.398972103,0.643931296,0.413584596,0.771345385,0.438409169,0.965353733,0.469005367,1.156057337,0.499891942,1.2998222,0.517116276,1.425942696,0.534646327,1.5194834,0.562481233,1.558561241,0.586498143,1.583492693,0.606804627,1.57671167,0.604080309,1.547840032,0.59549682,1.490866559,0.577398964,1.37384971,0.561466605,1.24478534,0.538603499,1.13186258,0.499934094,0.940046363,0.425630865,0.645859019,0.346364247,0.458817666,0.256390995,0.392558827,0.20077226,0.352656134,0.138628413,0.37709947,0.067122355,0.422284615,0.000680113,0.498206598,-0.057771498,0.573766861,-0.125235016,0.704939991,-0.224547972,0.871969405,-0.315425904,1.026145981,-0.389325193,1.231122456,-0.469611066,1.38880858,-0.507021475,1.474538113,-0.535173083
Nicodamidae_Dimidamus_dimidiatus,1.291991211,-0.255640448,1.262043741,-0.252975601,1.177775001,-0.241111986,1.087285175,-0.238609053,0.926596071,-0.254162656,0.784951026,-0.255263791,0.620263428,-0.242452205,0.475300983,-0.206349135,0.354037423,-0.166673053,0.288002517,-0.108165731,0.232139129,-0.063848826,0.236668838,0.001627256,0.254104864,0.050544652,0.283990637,0.08314761,0.341891887,0.13364538,0.431645638,0.183561742,0.522362004,0.24750674,0.629923112,0.310539827,0.799625602,0.367318527,0.933120477,0.419601231,1.063786536,0.454867015,1.1964101,0.482111087,1.341968222,0.517349878,1.500919385,0.564004517,1.635583667,0.599986137,1.716254273,0.623283629,1.777175997,0.631211354,1.815125112,0.633438719,1.795684988,0.619166767,1.740015543,0.605390461,1.649469443,0.576871354,1.506765432,0.538707503,1.302306589,0.461452463,1.119249095,0.390643445,0.967422996,0.324956541,0.791330663,0.251212181,0.671539736,0.171140563,0.567016726,0.083745916,0.510397784,0.012624884,0.476489436,-0.063818599,0.457246691,-0.161834111,0.468607457,-0.236769585,0.518091584,-0.304400154,0.599292691,-0.380625156,0.700668263,-0.438876632,0.783494891,-0.470124611,0.879966868,-0.507558124,0.985160196,-0.52598172,1.081829598,-0.525523574,1.142675242,-0.523287156
Oecobiidae_Oecobius_sp_TAB2009,2.466868486,-0.419796526,2.476171492,-0.417045768,2.516504549,-0.415100083,2.525318721,-0.404582575,2.553944858,-0.376820789,2.637886959,-0.361759581,2.696499586,-0.323561621,2.822758202,-0.26751861,2.911482492,-0.228357596,3.017826303,-0.181492694,3.126618693,-0.111085194,3.201104494,-0.060573752,3.304747725,-0.01279239,3.441437,0.049660877,3.526534326,0.116250896,3.590011856,0.172132341,3.658405294,0.215854977,3.69336311,0.272482492,3.680491867,0.328805349,3.635104494,0.371395092,3.586008271,0.412418528,3.473291425,0.446844775,3.398318169,0.462704715,3.290006617,0.470893852,3.176105873,0.485531293,3.08739206,0.501679074,2.987416046,0.507626689,2.885252826,0.495291425,2.746204025,0.486044114,2.609868486,0.487015715,2.52257265,0.455451889,2.470551971,0.424810036,2.401742211,0.364025917,2.380139509,0.320692583,2.348660601,0.287659774,2.356797353,0.225842294,2.353565757,0.172852771,2.369797629,0.134342432,2.364332506,0.080260822,2.367744417,0.042850289,2.36616515,-0.061231321,2.35306424,-0.100744968,2.394896057,-0.16655914,2.410379928,-0.2236504,2.433575682,-0.286351254,2.436623104,-0.332186931,2.444020127,-0.366402537,2.443969672,-0.40673008,2.461712159,-0.439099531,2.500456576,-0.447009098
Oxyopidae_Oxyopes_salticus,1.60563314,-0.470587746,1.573553028,-0.459786355,1.453576405,-0.47109846,1.277700821,-0.492165743,1.07197102,-0.497838381,0.895613778,-0.491758559,0.740889826,-0.466708927,0.605495173,-0.408954406,0.521162016,-0.336534988,0.461309702,-0.255776317,0.442690668,-0.183468111,0.445589995,-0.118059606,0.449551952,-0.059657976,0.456115875,-0.006556872,0.460793859,0.031749199,0.473705664,0.080829278,0.494854597,0.125022841,0.528656315,0.168688226,0.584482462,0.220147147,0.655500217,0.276802887,0.762047221,0.335416234,0.874352164,0.376739087,1.009579872,0.423617158,1.120772102,0.458009518,1.224308676,0.498806512,1.301629663,0.53225416,1.343520669,0.5696998,1.346286458,0.59884511,1.303022315,0.640058084,1.213790062,0.690468632,1.091560753,0.713579545,0.975441012,0.714637247,0.837952737,0.697787009,0.690713573,0.645614375,0.579590246,0.563629943,0.491470855,0.456371077,0.420348703,0.339284933,0.382451373,0.201428091,0.357458315,0.057755355,0.354405004,-0.105239908,0.371443181,-0.282114548,0.461497977,-0.409132608,0.600949188,-0.497804263,0.790219758,-0.553331802,0.94652425,-0.585125564,1.117967379,-0.60282526,1.270455097,-0.587965265,1.394998693,-0.558854087,1.494401219,-0.514327704,1.535837505,-0.468599523
Philodromidae_Tibellus_chamberlini,1.602380952,-0.554978355,1.568614719,-0.508874459,1.487987013,-0.482575758,1.361796537,-0.436580087,1.139935065,-0.389718615,0.886904762,-0.295779221,0.706168831,-0.212229437,0.50995671,-0.106818182,0.377056277,-0.022402597,0.289935065,0.075757576,0.244588745,0.187229437,0.232034632,0.256926407,0.225541126,0.335714286,0.235930736,0.36482684,0.252272727,0.398593074,0.273268398,0.417532468,0.305952381,0.433008658,0.340909091,0.462770563,0.374458874,0.510714286,0.43030303,0.55974026,0.533982684,0.618398268,0.618506494,0.63538961,0.720887446,0.65465368,0.862121212,0.633008658,0.972943723,0.640909091,1.09025974,0.660930736,1.168398268,0.690692641,1.193831169,0.706818182,1.169047619,0.717748918,1.106277056,0.737337662,1.011038961,0.753896104,0.903354978,0.748484848,0.772727273,0.737878788,0.626406926,0.698376623,0.519155844,0.656385281,0.481601732,0.598160173,0.436688312,0.478787879,0.406168831,0.361147186,0.361147186,0.202056277,0.345238095,0.077922078,0.343398268,-0.092532468,0.375757576,-0.226839827,0.441125541,-0.35487013,0.605194805,-0.477272727,0.903138528,-0.589069264,1.138744589,-0.66017316,1.380627706,-0.671428571,1.616883117,-0.63495671,1.7,-0.601190476,1.753030303,-0.5504329
Philodromidae_Philodromus_aureolus,1.213342591,-0.376913229,1.173999865,-0.360133555,1.074842376,-0.357330895,0.945405112,-0.370537109,0.7665176,-0.374343878,0.596915487,-0.36913929,0.47779496,-0.347811375,0.346535393,-0.301349997,0.294558807,-0.240853372,0.253050645,-0.165844566,0.240252975,-0.078838222,0.235860191,-0.002211159,0.241639685,0.065027433,0.260479487,0.12143381,0.308336856,0.191573167,0.35358825,0.241426765,0.417445596,0.30831299,0.506309806,0.357263835,0.60806137,0.390020773,0.713145454,0.424998216,0.851641988,0.440796473,0.980470275,0.41954964,1.111031543,0.391461492,1.178056357,0.364334869,1.230138048,0.339765811,1.2165183,0.351951365,1.159649349,0.370013683,1.06800727,0.411279099,0.974384475,0.448843731,0.842542302,0.47521809,0.694997381,0.480191063,0.588657567,0.458614148,0.498266612,0.395709273,0.419171261,0.302257129,0.362379011,0.212496963,0.316553591,0.127392084,0.293207885,0.020856782,0.291289982,-0.080453566,0.303251823,-0.164408815,0.34404229,-0.260525819,0.391927386,-0.340174671,0.4482546,-0.387089616,0.532532864,-0.422424304,0.657334417,-0.435643975,0.793714828,-0.41937253,0.916997245,-0.383414572,1.04692339,-0.340465262,1.153160333,-0.3011336,1.236219287,-0.257471652,1.288110276,-0.230979566
Pholcidae_Pholcus_phalangioides,0.187433862,-0.883267196,0.205657518,-0.876653439,0.247908399,-0.836193783,0.329192571,-0.75297123,0.389717813,-0.693885031,0.435065035,-0.647083333,0.512355049,-0.559831349,0.594662698,-0.464010141,0.691325507,-0.359823633,0.799058091,-0.273846451,0.90335593,-0.17638944,0.999898589,-0.118822751,1.114023369,-0.063347663,1.22765873,-0.023988095,1.332872575,0.00791336,1.440890653,0.055326279,1.585207782,0.107060736,1.709264771,0.18439925,1.793883377,0.26684634,1.835986552,0.331516755,1.876382275,0.440936949,1.888293651,0.517525353,1.887146164,0.604771274,1.889892526,0.70505787,1.858611662,0.770632165,1.809532077,0.83015873,1.724530423,0.878450728,1.643275463,0.898090278,1.567849427,0.903158069,1.496414793,0.904861111,1.391486442,0.882346781,1.330072751,0.865626102,1.244113757,0.847795414,1.155838294,0.816450617,1.060970018,0.782089947,0.965335097,0.74085097,0.869713955,0.692767857,0.785627205,0.642748016,0.683838183,0.562641093,0.61944224,0.504790564,0.536463845,0.397334656,0.472446539,0.28279817,0.418266093,0.124860009,0.368808422,-0.03748567,0.319457672,-0.247821869,0.308148148,-0.382411817,0.27661541,-0.525944665,0.274386023,-0.667464727,0.275906085,-0.735371473,0.277017196,-0.783558201
Pisauridae_Dolomedes_sp_CG96,0.807753785,-0.560611876,0.734132691,-0.549114683,0.619127869,-0.519360624,0.478796506,-0.463500615,0.3357629,-0.401989682,0.21707663,-0.333854396,0.118035991,-0.267416209,0.049007311,-0.202549277,0.016435423,-0.1395807,0.00221218,-0.090661405,0.023734466,-0.028032264,0.048908113,0.014100141,0.073619391,0.059128036,0.120745573,0.108318479,0.162260343,0.14325703,0.20335435,0.177652018,0.264636881,0.216965938,0.340354344,0.261143717,0.428545149,0.330797681,0.523221759,0.404861871,0.63941348,0.47981854,0.766725705,0.547576637,0.893465124,0.603552439,0.986747215,0.646727034,1.060940216,0.668684995,1.118080699,0.683935864,1.146285496,0.693599988,1.141173593,0.697912354,1.110020047,0.688553645,1.051326579,0.673333691,0.974789268,0.644565634,0.90202309,0.601951921,0.808172766,0.537485078,0.736327282,0.477895582,0.666601775,0.411967936,0.611644076,0.357851702,0.56162987,0.28094191,0.518830294,0.189592957,0.488987105,0.118269624,0.460939522,0.047942211,0.436428228,-0.013950753,0.431781452,-0.065765796,0.438967327,-0.133100129,0.465299895,-0.215160806,0.511420725,-0.300984847,0.589957106,-0.39797108,0.67679629,-0.477060979,0.746702949,-0.533483388,0.826533456,-0.575527498,0.890004325,-0.606017678
Pisauridae_Dendrolycosa_cruciata,1.1313104,-0.390582526,1.059249826,-0.385616868,0.948829892,-0.353266959,0.776063204,-0.314217169,0.570416899,-0.262109241,0.39545156,-0.19548681,0.278426122,-0.1375363,0.208741572,-0.083291814,0.183272773,-0.040964122,0.174655807,-0.006094335,0.183506234,0.027072385,0.198843519,0.052656522,0.223949849,0.078890608,0.268706808,0.11747524,0.332667016,0.153749086,0.40390754,0.195494243,0.489359005,0.236868773,0.557876284,0.271586065,0.630479951,0.313823784,0.72069629,0.357582141,0.817483272,0.403097433,0.895760347,0.430797752,0.959240001,0.450140455,1.025994882,0.479282716,1.089126051,0.499489918,1.139103947,0.508497441,1.170255874,0.516633781,1.190001936,0.523716949,1.189107246,0.518548358,1.167713699,0.507016205,1.11862336,0.49012212,1.044154298,0.471731403,0.940676933,0.447187578,0.850640471,0.42114193,0.773779831,0.384846465,0.699469726,0.328323113,0.643683346,0.262952731,0.59307044,0.193033176,0.562712559,0.120535315,0.561942759,0.055761179,0.582546016,-0.011381732,0.618740841,-0.091438228,0.669847082,-0.177775986,0.736679928,-0.248562673,0.79498867,-0.301085025,0.845732579,-0.329732792,0.907776217,-0.364480632,0.968327011,-0.397098852,1.014193322,-0.417310028,1.051963545,-0.436103779
Salticidae_Sandalodes_bipenicillatus,1.106411461,-0.509416985,1.094361423,-0.50881646,1.02828518,-0.513072884,0.938923321,-0.523732249,0.809577836,-0.523630051,0.647816944,-0.527895272,0.495582526,-0.499487099,0.334353096,-0.445566145,0.227741188,-0.375575771,0.160943578,-0.29526928,0.106423165,-0.191085734,0.087730673,-0.114765562,0.090052733,-0.037519177,0.100217075,0.043534483,0.125092263,0.123935126,0.166225621,0.191184452,0.222216408,0.262056542,0.290883415,0.332125114,0.406663183,0.395693987,0.510396007,0.437893873,0.627397971,0.452723958,0.735159617,0.458431151,0.842292292,0.458444666,0.923935862,0.45359,0.99780315,0.446620503,1.037785658,0.439231122,1.010920519,0.439025177,0.961744386,0.443671923,0.890410173,0.460382052,0.804208684,0.491227831,0.726390197,0.512262835,0.639798344,0.517996143,0.552093406,0.50927626,0.472276841,0.482992835,0.413835739,0.436498106,0.369201891,0.3556135,0.345621152,0.254855334,0.33294498,0.135087304,0.336736675,0.012405299,0.383314444,-0.103488807,0.450867081,-0.217053792,0.531970307,-0.292558829,0.640714119,-0.348195751,0.748920797,-0.376510347,0.862045452,-0.397579909,0.968600851,-0.401925924,1.068959723,-0.405531805,1.152890082,-0.405231276,1.239848166,-0.403360215,1.290296902,-0.401259958
Scytodidae_Scytodes_thoracica,0.266040182,-0.194850337,0.270313973,-0.189899375,0.28572381,-0.165992272,0.305199356,-0.152440359,0.316591842,-0.148981928,0.333489461,-0.134185558,0.358195382,-0.112819438,0.386729118,-0.099212881,0.40582662,-0.079950585,0.431636007,-0.059728201,0.469394025,-0.020135753,0.512841823,0.004809602,0.531670034,0.013142935,0.544461827,0.01751452,0.568574473,0.035579242,0.595591945,0.049679079,0.629551277,0.063397307,0.695006314,0.088626946,0.756665219,0.114283564,0.802587237,0.127224824,0.872781433,0.144782535,0.932803066,0.151851602,0.979781761,0.169136307,1.011481925,0.17449533,1.039963651,0.181626776,1.055973103,0.178894536,1.062402386,0.170188778,1.053188395,0.15949357,1.030376425,0.154844731,1.019879015,0.132462785,0.983644958,0.117544674,0.956743751,0.103341913,0.925442389,0.076824707,0.893450429,0.061325761,0.862664963,0.047238613,0.808613876,0.026006167,0.745488056,0.016989774,0.707491945,0.008607123,0.661953305,0.001788993,0.627077709,0.001788993,0.586244096,-0.000778454,0.539361323,-0.010120141,0.507423806,-0.010120141,0.457828852,-0.012169321,0.429265716,-0.008819878,0.394082455,-0.008853786,0.367608002,-0.014591491,0.347919466,-0.026821695,0.316702051,-0.030544127,0.299228884,-0.027169321
Segestriidae_Ariadna_boesenbergi,1.071565217,-0.858347826,1.052615942,-0.82734058,0.993521739,-0.744391304,0.912913043,-0.573652174,0.887637681,-0.451326087,0.809826087,-0.311724638,0.730224638,-0.188181159,0.681586957,-0.028789855,0.659181159,0.085876812,0.680898551,0.184811594,0.743043478,0.296101449,0.808688406,0.429963768,0.884398551,0.54065942,0.973333333,0.626195652,1.07865942,0.691181159,1.174855072,0.742681159,1.282043478,0.783231884,1.392463768,0.818731884,1.487927536,0.848717391,1.61157971,0.882557971,1.7455,0.905514493,1.874898551,0.905478261,1.99965942,0.906217391,2.087956522,0.902673913,2.19573913,0.899652174,2.198434783,0.896195652,2.117768116,0.900065217,2.00323913,0.899108696,1.865224638,0.899369565,1.752782609,0.898797101,1.579478261,0.900282609,1.429876812,0.88573913,1.257326087,0.876833333,1.115681159,0.845536232,0.958289855,0.794543478,0.818724638,0.725434783,0.731492754,0.644949275,0.62623913,0.527978261,0.563913043,0.398934783,0.520644928,0.285057971,0.50734058,0.124833333,0.500768116,-0.001565217,0.553978261,-0.1145,0.603630435,-0.244065217,0.701615942,-0.364188406,0.784724638,-0.447963768,0.899652174,-0.524326087,0.994710145,-0.567391304,1.021507246,-0.586289855,1.068782609,-0.626695652
Segestriidae_Gippsicola_sp,0.280304545,-0.718181818,0.264142424,-0.707575758,0.218181818,-0.677272727,0.13030303,-0.598483333,0.090909091,-0.547977273,0.045959091,-0.418431818,0.025756061,-0.340907576,0.03485,-0.222727273,0.082828788,-0.085351515,0.174242424,0.025760606,0.368181818,0.226518182,0.612119697,0.392424242,0.743434848,0.465406061,0.931313636,0.548992424,1.074240909,0.630304545,1.199998485,0.668181818,1.354040909,0.703030303,1.458334848,0.720454545,1.651513636,0.715154545,1.749998485,0.706062121,1.873231818,0.690910606,2.009090909,0.639395455,2.045454545,0.616668182,2.124240909,0.577272727,2.116665152,0.562878788,2.078786364,0.554545455,1.930304545,0.612124242,1.883837879,0.625254545,1.752019697,0.648486364,1.651516667,0.66515303,1.496968182,0.698487879,1.371210606,0.715406061,1.217171212,0.7399,0.98485,0.727272727,0.836365152,0.721212121,0.757577273,0.698484848,0.669445455,0.652525758,0.601515152,0.61515303,0.519695455,0.548486364,0.446465152,0.480304545,0.339395455,0.358081818,0.303031818,0.304545455,0.230304545,0.160606061,0.194443939,0.0548,0.16515,-0.093936364,0.148484848,-0.266663636,0.154545455,-0.337877273,0.176768182,-0.527775758,0.197728788,-0.593178788,0.233331818,-0.718181818
Segestriidae_Segestria_senoculata,-0.028301611,-0.412694671,-0.028192909,-0.407952621,-0.022439934,-0.393999098,-0.001365326,-0.374980543,0.040575737,-0.335275723,0.070088465,-0.288284982,0.098399726,-0.239099886,0.139241572,-0.178306582,0.196093567,-0.117625384,0.262387567,-0.058678591,0.33386887,0.00724326,0.396837063,0.061769675,0.492830237,0.13528679,0.589876525,0.205290024,0.673701868,0.262190698,0.754869058,0.310206226,0.838063635,0.345277925,0.92853014,0.379926831,1.016191802,0.399031522,1.094112259,0.416680415,1.176841725,0.435487358,1.23610532,0.454421461,1.287448517,0.463890259,1.317048283,0.468917273,1.34910973,0.470550455,1.369757911,0.460996107,1.331474445,0.44260184,1.267236991,0.412114407,1.177270893,0.391158955,1.074220111,0.356595374,0.98155294,0.319866836,0.90378236,0.282781319,0.817433974,0.238380139,0.751469544,0.197371115,0.685202759,0.154007184,0.618558815,0.099188615,0.55459907,0.05342086,0.484633574,0.007416075,0.435910912,-0.030163156,0.37413009,-0.084970452,0.288640327,-0.151076121,0.219250638,-0.198205434,0.160388685,-0.237399251,0.120777267,-0.275773479,0.079962925,-0.322887732,0.051233896,-0.348673924,0.026171459,-0.375515581,0.015508295,-0.391306134,0.012502458,-0.393520096,0.00980762,-0.395497589
Sparassidae_Isopeda_parnabyi,-0.058076424,-0.669905933,-0.054762267,-0.627798343,-0.051654091,-0.537556499,-0.04091324,-0.42777891,-0.031999849,-0.331608907,-0.013329761,-0.22497997,0.010999217,-0.128913289,0.037432255,-0.046969157,0.066837239,0.049176349,0.11260613,0.149639494,0.14840002,0.237518631,0.195706426,0.308340093,0.253840929,0.366101639,0.293576936,0.41543602,0.331974344,0.454367607,0.378814122,0.481647283,0.423784282,0.495016652,0.464023415,0.50811476,0.527119081,0.51421798,0.583609155,0.520791639,0.653736136,0.511790009,0.745788486,0.503376274,0.849612349,0.484954873,0.935626027,0.461982979,1.024615928,0.4363246,1.09944252,0.406408773,1.160927761,0.35982377,1.21735883,0.305040373,1.244071772,0.234364198,1.238099943,0.165047699,1.212646684,0.102967801,1.187386372,0.041385941,1.151208307,-0.005268852,1.107602648,-0.036036797,1.073922857,-0.063073686,1.022360922,-0.103718546,0.969786017,-0.142923968,0.871797167,-0.189371518,0.755677165,-0.224607847,0.655684924,-0.269457551,0.560681514,-0.31409587,0.49074226,-0.339700105,0.419593264,-0.366650708,0.347559795,-0.39965613,0.281836259,-0.419353228,0.226774174,-0.43270225,0.171857851,-0.445020556,0.111659569,-0.472807834,0.045782223,-0.503905299,-0.010104694,-0.520516823
Stiphidiidae_Stiphidion_sp,1.663342318,-0.710983827,1.448921833,-0.704380054,1.199528302,-0.662196765,0.890296496,-0.530121294,0.552021563,-0.376078167,0.254919137,-0.185175202,0.068665768,0.014824798,0.021495957,0.146361186,-0.025943396,0.236118598,0.000471698,0.356940701,0.046428571,0.43180593,0.082479784,0.47722372,0.144339623,0.522371968,0.208827493,0.528167116,0.329245283,0.532277628,0.428975741,0.517183288,0.516037736,0.519339623,0.618598383,0.512331536,0.766442049,0.514150943,0.941105121,0.504649596,1.132345013,0.501617251,1.240296496,0.517924528,1.44851752,0.542115903,1.601819407,0.55384097,1.739083558,0.571967655,1.815363881,0.582681941,1.84777628,0.615229111,1.854851752,0.63180593,1.818800539,0.647304582,1.747506739,0.678436658,1.589420485,0.705929919,1.3856469,0.699326146,1.229380054,0.715768194,1.109299191,0.702560647,0.989757412,0.676549865,0.861522911,0.650943396,0.720283019,0.630053908,0.594609164,0.615161725,0.475269542,0.5393531,0.379514825,0.463005391,0.3356469,0.345350404,0.312668464,0.232277628,0.314487871,0.081132075,0.385579515,-0.064959569,0.509501348,-0.223045822,0.745148248,-0.380390836,0.985714286,-0.494811321,1.140026954,-0.538679245,1.327628032,-0.619204852,1.512398922,-0.678167116
Stiphidiidae_Therlinya_sp_CG297,2.668074216,-0.25527639,2.541393071,-0.353647016,2.320137591,-0.508467354,1.971015393,-0.568816228,1.518767055,-0.531844616,1.028122555,-0.434945552,0.661222894,-0.32572907,0.376395144,-0.222236898,0.18811447,-0.149549637,0.020976443,-0.093143643,-0.082013029,-0.036387374,-0.163749466,-0.014947466,-0.189110156,-0.023778081,-0.15453752,-0.023112926,-0.125696797,-0.007953322,-0.098183416,0.009527566,-0.049365193,0.029021292,0.036917409,0.056953791,0.128300308,0.093378288,0.233915134,0.129661399,0.379324325,0.190065769,0.570723832,0.268787762,0.822909606,0.368695879,1.091115803,0.476866466,1.360952189,0.566798573,1.577237823,0.627132409,1.697186483,0.665604391,1.70712735,0.656269968,1.599800398,0.558650919,1.425734361,0.434712503,1.272958422,0.349230163,1.154841278,0.297550781,1.040496955,0.232361886,0.879174891,0.190534719,0.772825269,0.173917378,0.666222748,0.179399534,0.572153764,0.189502634,0.514055874,0.204248621,0.458762579,0.191056382,0.425485125,0.162715037,0.419880262,0.107291325,0.512096299,0.01914178,0.69523076,-0.108352442,0.975089158,-0.253089542,1.376967156,-0.385838432,1.823620482,-0.453876073,2.198292908,-0.463690454,2.488115163,-0.416276392,2.678693936,-0.334184025,2.769903124,-0.257872188
Stiphidiidae_Neolana_sp_CG121,1.089439251,-0.164957173,1.041826557,-0.147564293,0.966815913,-0.12850512,0.856393337,-0.102308383,0.734611354,-0.04559131,0.659659729,-0.012886285,0.564154304,0.01996475,0.484318116,0.048013435,0.434662859,0.079108955,0.385261876,0.112456694,0.384720327,0.151444485,0.388794031,0.194330895,0.405042684,0.216780916,0.422585673,0.229181963,0.449979003,0.248595394,0.502381147,0.271606764,0.549131049,0.293539608,0.646901036,0.304839315,0.732492272,0.309619531,0.837375156,0.308254604,0.98495835,0.313650246,1.109622756,0.318772021,1.259480726,0.344255138,1.384079223,0.373849529,1.465539583,0.392509768,1.483466171,0.411938637,1.423756847,0.398232562,1.354235825,0.385176982,1.26889214,0.392027754,1.213333502,0.40869653,1.1396738,0.425081225,1.086223227,0.423456429,1.012988123,0.400180652,0.952668378,0.385528246,0.879831181,0.372952101,0.773701523,0.351554161,0.650352006,0.296980572,0.57051494,0.252494688,0.512746581,0.189689309,0.486845794,0.104048548,0.446400146,0.026936374,0.434880672,-0.037287698,0.466058752,-0.096592779,0.541820441,-0.151349851,0.66187994,-0.19601646,0.813753483,-0.245398616,0.957582848,-0.278702997,1.104866284,-0.314657391,1.217524517,-0.344522645,1.270345253,-0.364427986
Tetragnathidae_Leucauge_venusta,1.028197104,-0.278809494,0.973918142,-0.266872075,0.878356184,-0.25350808,0.763543373,-0.233330214,0.643810255,-0.21014985,0.503016852,-0.17768185,0.39335462,-0.132343961,0.29344038,-0.079430572,0.222052488,-0.028854219,0.176120127,0.02209715,0.15069899,0.064964983,0.15613964,0.100268608,0.178148017,0.135912695,0.217376134,0.173061403,0.257160678,0.199232991,0.31092731,0.236428844,0.37659565,0.270121151,0.473807657,0.309057132,0.582090364,0.354592622,0.687805879,0.402919522,0.843013883,0.461319134,0.981514036,0.495718073,1.111890987,0.512359284,1.241755315,0.530627359,1.353520855,0.537971865,1.456899668,0.539540361,1.517906441,0.541276544,1.558942229,0.544831676,1.57546595,0.554352029,1.564479933,0.557794587,1.512113847,0.552587391,1.443672175,0.523806601,1.35551732,0.489588558,1.261652149,0.461735682,1.151272549,0.423540656,1.000517214,0.348476783,0.896930961,0.288665438,0.810354451,0.21544963,0.751751697,0.150789689,0.70955354,0.094561574,0.668821935,0.002690272,0.640252173,-0.08691264,0.62389522,-0.188804397,0.639640328,-0.295574866,0.701495581,-0.382111183,0.776502929,-0.434441011,0.868708549,-0.469152721,0.969574658,-0.495679723,1.060254863,-0.513310113,1.113022614,-0.512667547
Thomisidae_Australomisidia_pilula,1.192707827,-0.357576296,1.121879582,-0.362052788,1.016111407,-0.36000114,0.896647922,-0.359793132,0.753635939,-0.358061087,0.597522909,-0.350979078,0.467085717,-0.333561838,0.35497335,-0.296018495,0.262744933,-0.251304454,0.208424625,-0.189937902,0.187649856,-0.133403333,0.178849911,-0.086834479,0.183747262,-0.031765465,0.208055815,0.025288463,0.25265554,0.09818768,0.301681492,0.175229704,0.388946215,0.241511369,0.491781597,0.297757562,0.592759728,0.345224094,0.685223053,0.378922516,0.807222695,0.41087936,0.928884607,0.411827923,1.053085176,0.411112919,1.152817906,0.406495058,1.217995146,0.40128774,1.230947352,0.414693565,1.196377515,0.421162634,1.124810555,0.422578516,1.016600637,0.424319276,0.905407624,0.430210887,0.752992418,0.435005913,0.622320305,0.41911758,0.487770395,0.407423778,0.386937788,0.379764252,0.305528005,0.34642712,0.248737597,0.290907569,0.212467648,0.227916462,0.184094164,0.164540096,0.166378284,0.10214742,0.179874165,0.000660701,0.204696643,-0.086423905,0.249293269,-0.165901712,0.357412178,-0.247145662,0.487928225,-0.300925971,0.637140986,-0.344151267,0.807616142,-0.367758724,0.940449291,-0.377703167,1.088331858,-0.373444473,1.206723081,-0.351096961,1.2814473,-0.326109141
Thomisidae_Sidymella_angulata,1.25422606,-0.417085585,1.139785579,-0.418875514,0.963424542,-0.424807171,0.684370561,-0.452695913,0.383836006,-0.484280049,0.190948064,-0.457814306,0.06535811,-0.388770558,0.01589951,-0.31260163,-0.005442325,-0.245486777,-0.012062775,-0.161091746,0.00585415,-0.04611344,0.021976511,0.06751348,0.053404377,0.155189876,0.094104123,0.244308826,0.152616526,0.336496182,0.215595457,0.428460318,0.281452551,0.484889186,0.352044883,0.534446731,0.450568626,0.559388327,0.553559749,0.574482793,0.683047875,0.564083611,0.797647259,0.536442669,0.93067737,0.502849542,1.053799707,0.468943342,1.149810267,0.45741704,1.229782336,0.445022922,1.284256447,0.446349211,1.257960629,0.454640274,1.172514769,0.49655459,1.084879676,0.532596453,0.957802344,0.546435791,0.814708169,0.535305221,0.707676615,0.516577018,0.535271223,0.440500886,0.413332573,0.338961875,0.340413629,0.212496805,0.297746962,0.102608145,0.251537454,0.006470599,0.244190243,-0.05961913,0.251486034,-0.132601737,0.27316155,-0.24733627,0.291506495,-0.364231056,0.341214466,-0.442936587,0.399194507,-0.473121289,0.482843826,-0.474610023,0.56776435,-0.473463023,0.691997857,-0.454894763,0.781817728,-0.435967986,0.850137674,-0.419757014,0.903016503,-0.386921155
Thomisidae_Stephanopis_cambridgei,1.052768105,-0.460425876,0.998495938,-0.432539494,0.926223157,-0.410372869,0.820670228,-0.400834932,0.689967018,-0.408031797,0.555253983,-0.40435901,0.451414245,-0.38494344,0.386058076,-0.35551941,0.326244015,-0.315458046,0.271533022,-0.249428907,0.243743539,-0.163431938,0.235570931,-0.087966211,0.22652148,-0.007397869,0.229368314,0.069508232,0.221777588,0.142702489,0.23108192,0.182680824,0.263436106,0.220086292,0.331443949,0.259648919,0.396114787,0.313752112,0.473575186,0.363794146,0.580955422,0.419703639,0.696962466,0.465741571,0.799685979,0.502384537,0.914902091,0.540115193,1.029332989,0.549375492,1.112861961,0.562946219,1.175377952,0.562581516,1.216184854,0.540086031,1.240050125,0.526165193,1.224576627,0.520677391,1.183060508,0.505384556,1.111370013,0.490079147,0.976267806,0.472071403,0.809882206,0.452154592,0.681540721,0.431493912,0.558048039,0.396937872,0.465542829,0.338908403,0.393266183,0.275244502,0.337766651,0.193066411,0.28894632,0.117040932,0.264389899,0.012451502,0.282637182,-0.092466791,0.355501565,-0.199319138,0.477671712,-0.271328113,0.596427994,-0.315494712,0.707148203,-0.326722171,0.785982407,-0.341289113,0.881498514,-0.331563285,0.942322287,-0.323635367,0.988456079,-0.311793582
Theridiidae_Cryptachaea_riparia,0.314106175,-0.381408069,0.31534457,-0.373796267,0.306397867,-0.356376864,0.306180584,-0.334001768,0.303355402,-0.305490491,0.284814899,-0.264705745,0.265045698,-0.220741352,0.250708901,-0.186617842,0.234670392,-0.139819348,0.222948886,-0.095677185,0.211767886,-0.040733703,0.218781292,-0.002717165,0.235591232,0.039589495,0.257023029,0.080655414,0.284074539,0.114178052,0.313929524,0.141042833,0.350771775,0.166585426,0.380306476,0.193844932,0.429546781,0.213876386,0.488579924,0.242429241,0.573022121,0.274275738,0.637018659,0.293814054,0.709594138,0.306359534,0.789698738,0.32772195,0.855181437,0.356002056,0.902600004,0.37970685,0.948269185,0.402556595,0.99041296,0.425778707,1.033022417,0.444951774,1.047379653,0.455107864,1.029953062,0.451376735,0.999560077,0.442636084,0.953973747,0.405460544,0.887913623,0.362756861,0.837427431,0.328850246,0.781307814,0.288664152,0.726729768,0.245923444,0.679388208,0.193876648,0.614250922,0.12325925,0.560557973,0.063199829,0.496130271,-0.004970658,0.440085326,-0.056187347,0.396602481,-0.111273944,0.371024521,-0.154468037,0.352238293,-0.189999783,0.333908534,-0.2395363,0.327131896,-0.282166571,0.333048193,-0.321967637,0.348556424,-0.365312846,0.359692959,-0.392150244
Toxopidae_Toxopsoides_sp,1.354192171,-0.632901455,1.248783037,-0.631042293,1.0980944,-0.619855488,0.929577406,-0.609850997,0.729814259,-0.580970348,0.515703843,-0.5291375,0.304799075,-0.466502278,0.111591064,-0.370214695,0.004657159,-0.273811125,-0.078168971,-0.155467844,-0.091144737,-0.052430323,-0.083883301,0.02840196,-0.051837914,0.106469598,-0.015431452,0.157699937,0.014108577,0.21405551,0.063046035,0.245854164,0.124152768,0.278420988,0.192937257,0.307890792,0.279981394,0.318772969,0.353020476,0.353665695,0.475651019,0.382224308,0.593127276,0.396652213,0.717818113,0.420706264,0.861067321,0.438996737,0.993422038,0.461324177,1.098584507,0.483696258,1.160590355,0.500421976,1.169074184,0.524334852,1.146584967,0.549358082,1.106886216,0.580859597,1.052020815,0.602143994,0.989677887,0.614936731,0.910450348,0.612433836,0.846308253,0.605818809,0.77929699,0.602725434,0.698390207,0.58679574,0.637498562,0.552921182,0.586342738,0.52117548,0.545569443,0.475152623,0.49457213,0.428262677,0.485287799,0.374815779,0.476094271,0.319035248,0.490736418,0.251994436,0.537508397,0.172435306,0.625976227,0.081749409,0.753765042,-0.019708858,0.91894362,-0.112803562,1.086363644,-0.167142946,1.23546076,-0.194545227,1.30745337,-0.209354736
Toxopidae_Toxops_sp_CG278,2.10528518,-0.632379583,1.975786909,-0.664931773,1.840446781,-0.667006317,1.670139179,-0.692713541,1.452920612,-0.700030247,1.229344549,-0.684746558,1.043100044,-0.611585683,0.9165021,-0.51819877,0.784693491,-0.442365599,0.685673058,-0.364829995,0.583827855,-0.24570448,0.591522613,-0.140761442,0.610377606,-0.027895532,0.631021681,0.067029136,0.65645556,0.144766421,0.686824882,0.23012152,0.747523189,0.279915729,0.849952957,0.340591904,0.969211406,0.406643734,1.14777399,0.471009444,1.40337775,0.544728595,1.696512241,0.631736884,2.020877389,0.718089627,2.316130467,0.807724399,2.545906473,0.864093276,2.736506454,0.907384558,2.850956982,0.945843505,2.948194106,0.97575281,2.969791984,0.983084131,2.905145061,0.96935955,2.766960346,0.95061538,2.635206883,0.923167524,2.449945537,0.912559712,2.20521105,0.897579442,1.954426016,0.879735112,1.787272437,0.858523795,1.63437341,0.817505731,1.469157038,0.766947794,1.304711807,0.692081009,1.196156883,0.611313009,1.096234455,0.49119835,1.02534465,0.342898134,1.006577167,0.1776577,1.045064908,0.006941109,1.154701207,-0.189950507,1.357041118,-0.341564372,1.599038684,-0.479557678,1.902623286,-0.569924538,2.104505949,-0.624085735,2.23505487,-0.65471371
Uloboridae_Philoponella_congregabilis,0.398276124,-0.372562582,0.391259501,-0.360241302,0.364270018,-0.336378636,0.328495433,-0.291339958,0.310339338,-0.259496971,0.291558349,-0.211742012,0.243146951,-0.155941913,0.202308582,-0.091601209,0.165565025,-0.037163608,0.14221718,0.027708404,0.118958471,0.105792431,0.088861504,0.174349395,0.080744273,0.253413895,0.105124746,0.308918585,0.141898674,0.340920477,0.232706546,0.378663005,0.331223623,0.416237658,0.466311447,0.451232535,0.636666109,0.464281799,0.83156238,0.471543628,1.045062611,0.458862271,1.259143215,0.426346604,1.481684849,0.398627452,1.688195563,0.35535996,1.854283646,0.315397859,2.009151557,0.290490249,2.173762853,0.256733414,2.32471923,0.23635663,2.453218765,0.202145855,2.513293587,0.192064735,2.550444263,0.18274628,2.570589388,0.162595695,2.508526605,0.132435187,2.414630083,0.096387431,2.285790816,0.045088056,2.132402353,-0.00428023,1.975481198,-0.050158126,1.847801967,-0.097014428,1.691501895,-0.157197324,1.517624078,-0.20476144,1.329825039,-0.239857071,1.172025535,-0.255571868,1.053199943,-0.269635125,0.955048878,-0.27917929,0.875282884,-0.287968877,0.768500626,-0.297163538,0.690673831,-0.32069845,0.621329153,-0.343907304,0.557903674,-0.355304901,0.524733777,-0.355681661
Uloboridae_Philoponella_variabilis,0.491350935,-0.1523046,0.495985313,-0.165140259,0.50160143,-0.178355021,0.481416406,-0.171852686,0.479316463,-0.146989697,0.437887275,-0.117857773,0.395593682,-0.084510815,0.350716324,-0.064301841,0.293637147,-0.027749284,0.211497358,0.013522631,0.164587342,0.064593444,0.167514206,0.133367863,0.200554664,0.183171426,0.252347099,0.220158196,0.313593885,0.253113587,0.377227794,0.27900314,0.480028907,0.288833832,0.587820991,0.297437525,0.69125679,0.308252929,0.800860859,0.311884449,0.959203887,0.297546677,1.114736137,0.279883785,1.294369329,0.266362716,1.504167884,0.245870952,1.697879839,0.23141845,1.874429728,0.222933421,2.048944978,0.205744178,2.179195251,0.192727465,2.307543414,0.181247756,2.412543654,0.163426866,2.487234923,0.160732324,2.519076225,0.140815241,2.492460185,0.127543755,2.442652762,0.107723812,2.343399453,0.088247772,2.190625509,0.050125554,2.01477218,0.010350805,1.814146436,-0.019002607,1.594730665,-0.045293999,1.401425499,-0.058692479,1.248842579,-0.078470708,1.104649737,-0.102469402,0.958872138,-0.134004003,0.860343194,-0.154520196,0.79049516,-0.185730205,0.751503267,-0.220468039,0.698760958,-0.236976146,0.65458267,-0.276808497,0.642226117,-0.294743082,0.647957673,-0.296506255
Zoropsidae_Kilyana_hendersoni,1.499663698,-0.76621967,1.425802898,-0.748498379,1.325135284,-0.712803632,1.200066625,-0.653749734,1.011411407,-0.571071142,0.805979023,-0.449566748,0.589493066,-0.330514913,0.357341041,-0.17192234,0.164006021,-0.035787205,0.032526941,0.071095726,-0.07190011,0.151755596,-0.115222143,0.210497948,-0.120425651,0.27736104,-0.118942704,0.349430948,-0.111929047,0.385932981,-0.089798631,0.424534615,-0.01960018,0.458376208,0.099726053,0.492164338,0.232032406,0.535818257,0.39010166,0.582366342,0.528738005,0.614408565,0.703195446,0.64167777,0.914645417,0.653652112,1.170331006,0.644493515,1.4382049,0.628018928,1.680292575,0.595820244,1.864619679,0.572818071,1.973194886,0.555443421,2.048295202,0.538728534,2.040427276,0.523569708,1.935658721,0.495482737,1.785987216,0.488528907,1.606862765,0.49066177,1.423239276,0.490095014,1.231045118,0.500728059,1.040373585,0.525605045,0.8661716,0.520563485,0.721736652,0.480340704,0.616154454,0.417394266,0.584218272,0.305058803,0.620599308,0.166046776,0.664387246,0.023756181,0.747825886,-0.101632828,0.887306226,-0.259683645,1.046401054,-0.406323242,1.190387597,-0.508365786,1.314195093,-0.556305762,1.417793229,-0.570922493,1.492155248,-0.578182605,1.552152087,-0.586365813
